GAME_ID,GAME_DATE,TEAM_ID,OPP_TEAM_ID,IS_HOME,WL,WIN_PROB,PREDICTED,CORRECT,TEAM_NAME,TEAM,OPP_TEAM_NAME,OPP_TEAM
0022500151,2025-11-02,1610612737,1610612739,0,L,0.4977376727322512,L,1,Atlanta Hawks,ATL,Cleveland Cavaliers,CLE
0022500166,2025-11-04,1610612737,1610612753,1,W,0.5575235618813896,W,1,Atlanta Hawks,ATL,Orlando Magic,ORL
0022500030,2025-11-07,1610612737,1610612761,1,L,0.5237647442625382,W,0,Atlanta Hawks,ATL,Toronto Raptors,TOR
0022500185,2025-11-08,1610612737,1610612747,1,W,0.4131662084041206,L,0,Atlanta Hawks,ATL,Los Angeles Lakers,LAL
0022500206,2025-11-10,1610612737,1610612746,0,W,0.6075716369098877,W,1,Atlanta Hawks,ATL,Los Angeles Clippers,LAC
0022500223,2025-11-12,1610612737,1610612758,0,W,0.6377893368616444,W,1,Atlanta Hawks,ATL,Sacramento Kings,SAC
0022500227,2025-11-13,1610612737,1610612762,0,W,0.6337648066833633,W,1,Atlanta Hawks,ATL,Utah Jazz,UTA
0022500239,2025-11-16,1610612737,1610612756,0,W,0.34344085621835346,L,0,Atlanta Hawks,ATL,Phoenix Suns,PHX
0022500251,2025-11-18,1610612737,1610612765,1,L,0.5574803599485949,W,0,Atlanta Hawks,ATL,Detroit Pistons,DET
0022500267,2025-11-20,1610612737,1610612759,0,L,0.4426628393834679,L,1,Atlanta Hawks,ATL,San Antonio Spurs,SAS
0022500270,2025-11-22,1610612737,1610612740,0,W,0.6544755569417446,W,1,Atlanta Hawks,ATL,New Orleans Pelicans,NOP
0022500276,2025-11-23,1610612737,1610612766,1,W,0.7307137872362746,W,1,Atlanta Hawks,ATL,Charlotte Hornets,CHA
0022500057,2025-11-25,1610612737,1610612764,0,L,0.7652618854824771,W,0,Atlanta Hawks,ATL,Washington Wizards,WAS
0022500069,2025-11-28,1610612737,1610612739,1,W,0.47819328507580106,L,0,Atlanta Hawks,ATL,Cleveland Cavaliers,CLE
0022500304,2025-11-30,1610612737,1610612755,0,W,0.5945128195379717,W,1,Atlanta Hawks,ATL,Philadelphia 76ers,PHI
0022500309,2025-12-01,1610612737,1610612765,0,L,0.4324219421068331,L,1,Atlanta Hawks,ATL,Detroit Pistons,DET
0022500327,2025-12-03,1610612737,1610612746,1,L,0.7093402537845773,W,0,Atlanta Hawks,ATL,Los Angeles Clippers,LAC
0022500340,2025-12-05,1610612737,1610612743,1,L,0.3851703607619128,L,1,Atlanta Hawks,ATL,Denver Nuggets,DEN
0022500351,2025-12-06,1610612737,1610612764,0,W,0.5505957540788474,W,1,Atlanta Hawks,ATL,Washington Wizards,WAS
0022501210,2025-12-12,1610612737,1610612765,0,L,0.3905589274202853,L,1,Atlanta Hawks,ATL,Detroit Pistons,DET
0022501217,2025-12-14,1610612737,1610612755,1,W,0.38503876303589,L,0,Atlanta Hawks,ATL,Philadelphia 76ers,PHI
0022500371,2025-12-18,1610612737,1610612766,0,L,0.42955224330060043,L,1,Atlanta Hawks,ATL,Charlotte Hornets,CHA
0022500383,2025-12-19,1610612737,1610612759,1,L,0.3395471236178495,L,1,Atlanta Hawks,ATL,San Antonio Spurs,SAS
0022500396,2025-12-21,1610612737,1610612741,1,L,0.5125197525387692,W,0,Atlanta Hawks,ATL,Chicago Bulls,CHI
0022500411,2025-12-23,1610612737,1610612741,1,L,0.4056123577268515,L,1,Atlanta Hawks,ATL,Chicago Bulls,CHI
0022500423,2025-12-26,1610612737,1610612748,1,L,0.49126803872529373,L,1,Atlanta Hawks,ATL,Miami Heat,MIA
0022500435,2025-12-27,1610612737,1610612752,1,L,0.2753704461204734,L,1,Atlanta Hawks,ATL,New York Knicks,NYK
0022500455,2025-12-29,1610612737,1610612760,0,L,0.2304373247930278,L,1,Atlanta Hawks,ATL,Oklahoma City Thunder,OKC
0022500463,2025-12-31,1610612737,1610612750,1,W,0.261414875237831,L,0,Atlanta Hawks,ATL,Minnesota Timberwolves,MIN
0022500479,2026-01-02,1610612737,1610612752,0,W,0.2790960362518538,L,0,Atlanta Hawks,ATL,New York Knicks,NYK
0022500488,2026-01-03,1610612737,1610612761,0,L,0.32732111502553324,L,1,Atlanta Hawks,ATL,Toronto Raptors,TOR
0022500504,2026-01-05,1610612737,1610612761,0,L,0.2984677201991835,L,1,Atlanta Hawks,ATL,Toronto Raptors,TOR
0022500519,2026-01-07,1610612737,1610612740,1,W,0.6036075137289301,W,1,Atlanta Hawks,ATL,New Orleans Pelicans,NOP
0022500537,2026-01-09,1610612737,1610612743,0,W,0.3716163286293951,L,0,Atlanta Hawks,ATL,Denver Nuggets,DEN
0022500556,2026-01-11,1610612737,1610612744,0,W,0.3672200084257245,L,0,Atlanta Hawks,ATL,Golden State Warriors,GSW
0022500569,2026-01-13,1610612737,1610612747,0,L,0.5264261567225791,W,0,Atlanta Hawks,ATL,Los Angeles Lakers,LAL
0022500585,2026-01-15,1610612737,1610612757,0,L,0.4174581966506927,L,1,Atlanta Hawks,ATL,Portland Trail Blazers,POR
0022500594,2026-01-17,1610612737,1610612738,1,L,0.4560076543632563,L,1,Atlanta Hawks,ATL,Boston Celtics,BOS
0022500014,2026-01-19,1610612737,1610612749,1,L,0.5453060500632306,W,0,Atlanta Hawks,ATL,Milwaukee Bucks,MIL
0022500623,2026-01-21,1610612737,1610612763,0,W,0.41857583760369027,L,0,Atlanta Hawks,ATL,Memphis Grizzlies,MEM
0022500636,2026-01-23,1610612737,1610612756,1,W,0.3234217063830833,L,0,Atlanta Hawks,ATL,Phoenix Suns,PHX
0022500659,2026-01-26,1610612737,1610612754,1,W,0.5807664270797096,W,1,Atlanta Hawks,ATL,Indiana Pacers,IND
0022500673,2026-01-28,1610612737,1610612738,0,W,0.3599070662934595,L,0,Atlanta Hawks,ATL,Boston Celtics,BOS
0022500682,2026-01-29,1610612737,1610612745,1,L,0.5404465153532043,W,0,Atlanta Hawks,ATL,Houston Rockets,HOU
0022500698,2026-01-31,1610612737,1610612754,0,L,0.48311610990397863,L,1,Atlanta Hawks,ATL,Indiana Pacers,IND
0022500720,2026-02-03,1610612737,1610612748,0,W,0.4009709421493736,L,0,Atlanta Hawks,ATL,Miami Heat,MIA
0022500735,2026-02-05,1610612737,1610612762,1,W,0.7366410122467822,W,1,Atlanta Hawks,ATL,Utah Jazz,UTA
0022500751,2026-02-07,1610612737,1610612766,1,L,0.42614644076259184,L,1,Atlanta Hawks,ATL,Charlotte Hornets,CHA
0022500765,2026-02-09,1610612737,1610612750,0,L,0.5453230435509139,W,0,Atlanta Hawks,ATL,Minnesota Timberwolves,MIN
0022500775,2026-02-11,1610612737,1610612766,0,L,0.29108949443658394,L,1,Atlanta Hawks,ATL,Charlotte Hornets,CHA
0022500794,2026-02-19,1610612737,1610612755,0,W,0.5202285493061051,W,1,Atlanta Hawks,ATL,Philadelphia 76ers,PHI
0022500805,2026-02-20,1610612737,1610612748,1,L,0.4112529254230745,L,1,Atlanta Hawks,ATL,Miami Heat,MIA
0022500818,2026-02-22,1610612737,1610612751,1,W,0.5388342797852882,W,1,Atlanta Hawks,ATL,Brooklyn Nets,BKN
0022500832,2026-02-24,1610612737,1610612764,1,W,0.6120099914820761,W,1,Atlanta Hawks,ATL,Washington Wizards,WAS
0022500850,2026-02-26,1610612737,1610612764,1,W,0.6633633534064383,W,1,Atlanta Hawks,ATL,Washington Wizards,WAS
0022500873,2026-03-01,1610612737,1610612757,1,W,0.7106188652681865,W,1,Atlanta Hawks,ATL,Portland Trail Blazers,POR
0022500897,2026-03-04,1610612737,1610612749,0,W,0.652017244200441,W,1,Atlanta Hawks,ATL,Milwaukee Bucks,MIL
0022500917,2026-03-07,1610612737,1610612755,1,W,0.7324947928178843,W,1,Atlanta Hawks,ATL,Philadelphia 76ers,PHI
0022500939,2026-03-10,1610612737,1610612742,1,W,0.8364851725924388,W,1,Atlanta Hawks,ATL,Dallas Mavericks,DAL
0022500956,2026-03-12,1610612737,1610612751,1,W,0.8532014132478383,W,1,Atlanta Hawks,ATL,Brooklyn Nets,BKN
0022500970,2026-03-14,1610612737,1610612749,1,W,0.8377436054416714,W,1,Atlanta Hawks,ATL,Milwaukee Bucks,MIL
0022500983,2026-03-16,1610612737,1610612753,1,W,0.5700780942190729,W,1,Atlanta Hawks,ATL,Orlando Magic,ORL
0022501006,2026-03-18,1610612737,1610612742,0,W,0.8028024463848704,W,1,Atlanta Hawks,ATL,Dallas Mavericks,DAL
0022501018,2026-03-20,1610612737,1610612745,0,L,0.7385049225932895,W,0,Atlanta Hawks,ATL,Houston Rockets,HOU
0022501026,2026-03-21,1610612737,1610612744,1,W,0.8298727479485002,W,1,Atlanta Hawks,ATL,Golden State Warriors,GSW
0022501037,2026-03-23,1610612737,1610612763,1,W,0.8513347929830715,W,1,Atlanta Hawks,ATL,Memphis Grizzlies,MEM
0022501051,2026-03-25,1610612737,1610612765,0,W,0.5088277881139095,W,1,Atlanta Hawks,ATL,Detroit Pistons,DET
0022501067,2026-03-27,1610612737,1610612738,0,L,0.464666682163787,L,1,Atlanta Hawks,ATL,Boston Celtics,BOS
0022501078,2026-03-28,1610612737,1610612758,1,W,0.7299679668803452,W,1,Atlanta Hawks,ATL,Sacramento Kings,SAC
0022501092,2026-03-30,1610612737,1610612738,1,W,0.5447591848837536,W,1,Atlanta Hawks,ATL,Boston Celtics,BOS
0022501107,2026-04-01,1610612737,1610612753,0,W,0.7832264173620939,W,1,Atlanta Hawks,ATL,Orlando Magic,ORL
0022501122,2026-04-03,1610612737,1610612751,0,W,0.7830039347183423,W,1,Atlanta Hawks,ATL,Brooklyn Nets,BKN
0022501143,2026-04-06,1610612737,1610612752,1,L,0.6369503156679439,W,0,Atlanta Hawks,ATL,New York Knicks,NYK
0022501158,2026-04-08,1610612737,1610612739,0,L,0.4806242932462555,L,1,Atlanta Hawks,ATL,Cleveland Cavaliers,CLE
0022501173,2026-04-10,1610612737,1610612739,1,W,0.5664344099060008,W,1,Atlanta Hawks,ATL,Cleveland Cavaliers,CLE
0022501189,2026-04-12,1610612737,1610612748,0,L,0.6911437326059182,W,0,Atlanta Hawks,ATL,Miami Heat,MIA
0022500158,2025-11-03,1610612738,1610612762,1,L,0.723599268893073,W,0,Boston Celtics,BOS,Utah Jazz,UTA
0022500174,2025-11-05,1610612738,1610612764,1,W,0.8132391767635737,W,1,Boston Celtics,BOS,Washington Wizards,WAS
0022500028,2025-11-07,1610612738,1610612753,0,L,0.5112008158507374,W,0,Boston Celtics,BOS,Orlando Magic,ORL
0022500193,2025-11-09,1610612738,1610612753,0,W,0.4366879726757714,L,0,Boston Celtics,BOS,Orlando Magic,ORL
0022500209,2025-11-11,1610612738,1610612755,0,L,0.43695305909866616,L,1,Boston Celtics,BOS,Philadelphia 76ers,PHI
0022500216,2025-11-12,1610612738,1610612763,1,W,0.6717181451910773,W,1,Boston Celtics,BOS,Memphis Grizzlies,MEM
0022500233,2025-11-16,1610612738,1610612746,1,W,0.788548651206602,W,1,Boston Celtics,BOS,Los Angeles Clippers,LAC
0022500250,2025-11-18,1610612738,1610612751,0,W,0.6708152953083099,W,1,Boston Celtics,BOS,Brooklyn Nets,BKN
0022500049,2025-11-21,1610612738,1610612751,1,L,0.7921935040171538,W,0,Boston Celtics,BOS,Brooklyn Nets,BKN
0022500277,2025-11-23,1610612738,1610612753,1,W,0.4911632180516217,L,0,Boston Celtics,BOS,Orlando Magic,ORL
0022500060,2025-11-26,1610612738,1610612765,1,W,0.44265285377794267,L,0,Boston Celtics,BOS,Detroit Pistons,DET
0022500293,2025-11-29,1610612738,1610612750,0,L,0.5491832387886147,W,0,Boston Celtics,BOS,Minnesota Timberwolves,MIN
0022500302,2025-11-30,1610612738,1610612739,0,W,0.4747016688717311,L,0,Boston Celtics,BOS,Cleveland Cavaliers,CLE
0022500320,2025-12-02,1610612738,1610612752,1,W,0.5033435768391364,W,1,Boston Celtics,BOS,New York Knicks,NYK
0022500334,2025-12-04,1610612738,1610612764,0,W,0.6948755825847275,W,1,Boston Celtics,BOS,Washington Wizards,WAS
0022500338,2025-12-05,1610612738,1610612747,1,W,0.5375579778739662,W,1,Boston Celtics,BOS,Los Angeles Lakers,LAL
0022500358,2025-12-07,1610612738,1610612761,0,W,0.6902539427462193,W,1,Boston Celtics,BOS,Toronto Raptors,TOR
0022501206,2025-12-11,1610612738,1610612749,0,L,0.763181160774736,W,0,Boston Celtics,BOS,Milwaukee Bucks,MIL
0022501222,2025-12-15,1610612738,1610612765,1,L,0.6061329578228783,W,0,Boston Celtics,BOS,Detroit Pistons,DET
0022500381,2025-12-19,1610612738,1610612748,1,W,0.7289356761184906,W,1,Boston Celtics,BOS,Miami Heat,MIA
0022500388,2025-12-20,1610612738,1610612761,0,W,0.6011393612930512,W,1,Boston Celtics,BOS,Toronto Raptors,TOR
0022500403,2025-12-22,1610612738,1610612754,1,W,0.70853668749634,W,1,Boston Celtics,BOS,Indiana Pacers,IND
0022500426,2025-12-26,1610612738,1610612754,0,W,0.7261086321327435,W,1,Boston Celtics,BOS,Indiana Pacers,IND
0022500444,2025-12-28,1610612738,1610612757,0,L,0.7194437931665527,W,0,Boston Celtics,BOS,Portland Trail Blazers,POR
0022500459,2025-12-30,1610612738,1610612762,0,W,0.6812353546418639,W,1,Boston Celtics,BOS,Utah Jazz,UTA
0022500474,2026-01-01,1610612738,1610612758,0,W,0.7199396810575721,W,1,Boston Celtics,BOS,Sacramento Kings,SAC
0022500493,2026-01-03,1610612738,1610612746,0,W,0.36963123964631356,L,0,Boston Celtics,BOS,Los Angeles Clippers,LAC
0022500503,2026-01-05,1610612738,1610612741,1,W,0.6286542796394302,W,1,Boston Celtics,BOS,Chicago Bulls,CHI
0022500520,2026-01-07,1610612738,1610612743,1,L,0.7835229666906425,W,0,Boston Celtics,BOS,Denver Nuggets,DEN
0022500532,2026-01-09,1610612738,1610612761,1,W,0.5972000626377432,W,1,Boston Celtics,BOS,Toronto Raptors,TOR
0022500545,2026-01-10,1610612738,1610612759,1,L,0.6705616600065545,W,0,Boston Celtics,BOS,San Antonio Spurs,SAS
0022500559,2026-01-12,1610612738,1610612754,0,L,0.6957807214669323,W,0,Boston Celtics,BOS,Indiana Pacers,IND
0022500580,2026-01-15,1610612738,1610612748,0,W,0.6549599821255844,W,1,Boston Celtics,BOS,Miami Heat,MIA
0022500594,2026-01-17,1610612738,1610612737,0,W,0.5419752410025419,W,1,Boston Celtics,BOS,Atlanta Hawks,ATL
0022500017,2026-01-19,1610612738,1610612765,0,L,0.4605046641056021,L,1,Boston Celtics,BOS,Detroit Pistons,DET
0022500621,2026-01-21,1610612738,1610612754,1,W,0.7062615698314362,W,1,Boston Celtics,BOS,Indiana Pacers,IND
0022500637,2026-01-23,1610612738,1610612751,0,W,0.6875925031967622,W,1,Boston Celtics,BOS,Brooklyn Nets,BKN
0022500647,2026-01-24,1610612738,1610612741,0,L,0.43180295285169995,L,1,Boston Celtics,BOS,Chicago Bulls,CHI
0022500660,2026-01-26,1610612738,1610612757,1,W,0.4875951154682123,L,0,Boston Celtics,BOS,Portland Trail Blazers,POR
0022500673,2026-01-28,1610612738,1610612737,1,L,0.61420813425394,W,0,Boston Celtics,BOS,Atlanta Hawks,ATL
0022500689,2026-01-30,1610612738,1610612758,1,W,0.7050611383434499,W,1,Boston Celtics,BOS,Sacramento Kings,SAC
0022500702,2026-02-01,1610612738,1610612749,1,W,0.7195284074947579,W,1,Boston Celtics,BOS,Milwaukee Bucks,MIL
0022500721,2026-02-03,1610612738,1610612742,0,W,0.5896452845723806,W,1,Boston Celtics,BOS,Dallas Mavericks,DAL
0022500728,2026-02-04,1610612738,1610612745,0,W,0.45791118635223216,L,0,Boston Celtics,BOS,Houston Rockets,HOU
0022500741,2026-02-06,1610612738,1610612748,1,W,0.7404081910349845,W,1,Boston Celtics,BOS,Miami Heat,MIA
0022500757,2026-02-08,1610612738,1610612752,1,L,0.6085703552628455,W,0,Boston Celtics,BOS,New York Knicks,NYK
0022500778,2026-02-11,1610612738,1610612741,1,W,0.8781728329536034,W,1,Boston Celtics,BOS,Chicago Bulls,CHI
0022500799,2026-02-19,1610612738,1610612744,0,W,0.6567534090352928,W,1,Boston Celtics,BOS,Golden State Warriors,GSW
0022500823,2026-02-22,1610612738,1610612747,0,W,0.6662772431847539,W,1,Boston Celtics,BOS,Los Angeles Lakers,LAL
0022500839,2026-02-24,1610612738,1610612756,0,W,0.6903466776753735,W,1,Boston Celtics,BOS,Phoenix Suns,PHX
0022500847,2026-02-25,1610612738,1610612743,0,L,0.6602347365384086,W,0,Boston Celtics,BOS,Denver Nuggets,DEN
0022500859,2026-02-27,1610612738,1610612751,1,W,0.8651847652630145,W,1,Boston Celtics,BOS,Brooklyn Nets,BKN
0022500874,2026-03-01,1610612738,1610612755,1,W,0.7376265321152803,W,1,Boston Celtics,BOS,Philadelphia 76ers,PHI
0022500880,2026-03-02,1610612738,1610612749,0,W,0.6801875989633042,W,1,Boston Celtics,BOS,Milwaukee Bucks,MIL
0022500894,2026-03-04,1610612738,1610612766,1,L,0.6420710501759198,W,0,Boston Celtics,BOS,Charlotte Hornets,CHA
0022500908,2026-03-06,1610612738,1610612742,1,W,0.802469172713402,W,1,Boston Celtics,BOS,Dallas Mavericks,DAL
0022500921,2026-03-08,1610612738,1610612739,0,W,0.5419684677096754,W,1,Boston Celtics,BOS,Cleveland Cavaliers,CLE
0022500942,2026-03-10,1610612738,1610612759,0,L,0.4921413339053926,L,1,Boston Celtics,BOS,San Antonio Spurs,SAS
0022500959,2026-03-12,1610612738,1610612760,0,L,0.40923762216150605,L,1,Boston Celtics,BOS,Oklahoma City Thunder,OKC
0022500971,2026-03-14,1610612738,1610612764,1,W,0.864264279335866,W,1,Boston Celtics,BOS,Washington Wizards,WAS
0022500986,2026-03-16,1610612738,1610612756,1,W,0.5350480123394165,W,1,Boston Celtics,BOS,Phoenix Suns,PHX
0022500999,2026-03-18,1610612738,1610612744,1,W,0.7439547668981605,W,1,Boston Celtics,BOS,Golden State Warriors,GSW
0022501019,2026-03-20,1610612738,1610612763,0,W,0.728979895951816,W,1,Boston Celtics,BOS,Memphis Grizzlies,MEM
0022501035,2026-03-22,1610612738,1610612750,1,L,0.6357852991382484,W,0,Boston Celtics,BOS,Minnesota Timberwolves,MIN
0022501054,2026-03-25,1610612738,1610612760,1,W,0.3514404682505047,L,0,Boston Celtics,BOS,Oklahoma City Thunder,OKC
0022501067,2026-03-27,1610612738,1610612737,1,W,0.5472952659980886,W,1,Boston Celtics,BOS,Atlanta Hawks,ATL
0022501085,2026-03-29,1610612738,1610612766,0,W,0.39922896866775925,L,0,Boston Celtics,BOS,Charlotte Hornets,CHA
0022501092,2026-03-30,1610612738,1610612737,0,L,0.4835049947051041,L,1,Boston Celtics,BOS,Atlanta Hawks,ATL
0022501106,2026-04-01,1610612738,1610612748,0,W,0.6479866651113908,W,1,Boston Celtics,BOS,Miami Heat,MIA
0022501126,2026-04-03,1610612738,1610612749,0,W,0.7826627982216618,W,1,Boston Celtics,BOS,Milwaukee Bucks,MIL
0022501132,2026-04-05,1610612738,1610612761,1,W,0.6975070244522231,W,1,Boston Celtics,BOS,Toronto Raptors,TOR
0022501149,2026-04-07,1610612738,1610612766,1,W,0.5328087864744173,W,1,Boston Celtics,BOS,Charlotte Hornets,CHA
0022501168,2026-04-09,1610612738,1610612752,0,L,0.5165963860617099,W,0,Boston Celtics,BOS,New York Knicks,NYK
0022501174,2026-04-10,1610612738,1610612740,1,W,0.8333430550046355,W,1,Boston Celtics,BOS,New Orleans Pelicans,NOP
0022501186,2026-04-12,1610612738,1610612753,1,W,0.6055576106802445,W,1,Boston Celtics,BOS,Orlando Magic,ORL
0022500022,2025-10-31,1610612739,1610612761,1,L,0.7022905617661827,W,0,Cleveland Cavaliers,CLE,Toronto Raptors,TOR
0022500151,2025-11-02,1610612739,1610612737,1,W,0.49873561092757124,L,0,Cleveland Cavaliers,CLE,Atlanta Hawks,ATL
0022500171,2025-11-05,1610612739,1610612755,1,W,0.46561588042286634,L,0,Cleveland Cavaliers,CLE,Philadelphia 76ers,PHI
0022500029,2025-11-07,1610612739,1610612764,0,W,0.7144541704752084,W,1,Cleveland Cavaliers,CLE,Washington Wizards,WAS
0022500186,2025-11-08,1610612739,1610612741,1,W,0.5059373018526441,W,1,Cleveland Cavaliers,CLE,Chicago Bulls,CHI
0022500201,2025-11-10,1610612739,1610612748,0,L,0.5431587609389721,W,0,Cleveland Cavaliers,CLE,Miami Heat,MIA
0022500217,2025-11-12,1610612739,1610612748,0,W,0.5177498602873986,W,1,Cleveland Cavaliers,CLE,Miami Heat,MIA
0022500225,2025-11-13,1610612739,1610612761,1,L,0.5243594517946772,W,0,Cleveland Cavaliers,CLE,Toronto Raptors,TOR
0022500228,2025-11-15,1610612739,1610612763,1,W,0.7419320619590007,W,1,Cleveland Cavaliers,CLE,Memphis Grizzlies,MEM
0022500241,2025-11-17,1610612739,1610612749,1,W,0.6295039293973239,W,1,Cleveland Cavaliers,CLE,Milwaukee Bucks,MIL
0022500255,2025-11-19,1610612739,1610612745,1,L,0.43462367478415964,L,1,Cleveland Cavaliers,CLE,Houston Rockets,HOU
0022500048,2025-11-21,1610612739,1610612754,1,W,0.7689867875156087,W,1,Cleveland Cavaliers,CLE,Indiana Pacers,IND
0022500278,2025-11-23,1610612739,1610612746,1,W,0.7690494529472081,W,1,Cleveland Cavaliers,CLE,Los Angeles Clippers,LAC
0022500284,2025-11-24,1610612739,1610612761,0,L,0.3279538182770609,L,1,Cleveland Cavaliers,CLE,Toronto Raptors,TOR
0022500069,2025-11-28,1610612739,1610612737,0,L,0.5097989332699491,W,0,Cleveland Cavaliers,CLE,Atlanta Hawks,ATL
0022500302,2025-11-30,1610612739,1610612738,1,L,0.5129697748750459,W,0,Cleveland Cavaliers,CLE,Boston Celtics,BOS
0022500310,2025-12-01,1610612739,1610612754,0,W,0.464160806739766,L,0,Cleveland Cavaliers,CLE,Indiana Pacers,IND
0022500324,2025-12-03,1610612739,1610612757,1,L,0.7048908192035547,W,0,Cleveland Cavaliers,CLE,Portland Trail Blazers,POR
0022500341,2025-12-05,1610612739,1610612759,1,W,0.44178923857867103,L,0,Cleveland Cavaliers,CLE,San Antonio Spurs,SAS
0022500352,2025-12-06,1610612739,1610612744,1,L,0.5359365185624343,W,0,Cleveland Cavaliers,CLE,Golden State Warriors,GSW
0022501212,2025-12-12,1610612739,1610612764,0,W,0.6898113658604585,W,1,Cleveland Cavaliers,CLE,Washington Wizards,WAS
0022501218,2025-12-14,1610612739,1610612766,1,L,0.6861423023178839,W,0,Cleveland Cavaliers,CLE,Charlotte Hornets,CHA
0022500367,2025-12-17,1610612739,1610612741,0,L,0.6270624163100778,W,0,Cleveland Cavaliers,CLE,Chicago Bulls,CHI
0022500384,2025-12-19,1610612739,1610612741,1,L,0.6240137594489128,W,0,Cleveland Cavaliers,CLE,Chicago Bulls,CHI
0022500402,2025-12-22,1610612739,1610612766,1,W,0.5047993915803621,W,1,Cleveland Cavaliers,CLE,Charlotte Hornets,CHA
0022500412,2025-12-23,1610612739,1610612740,1,W,0.3794775574316197,L,0,Cleveland Cavaliers,CLE,New Orleans Pelicans,NOP
0022500009,2025-12-25,1610612739,1610612752,0,L,0.3432052247272616,L,1,Cleveland Cavaliers,CLE,New York Knicks,NYK
0022500438,2025-12-27,1610612739,1610612745,0,L,0.37307132327346487,L,1,Cleveland Cavaliers,CLE,Houston Rockets,HOU
0022500456,2025-12-29,1610612739,1610612759,0,W,0.22504646223092384,L,0,Cleveland Cavaliers,CLE,San Antonio Spurs,SAS
0022500465,2025-12-31,1610612739,1610612756,1,W,0.4536016708092979,L,0,Cleveland Cavaliers,CLE,Phoenix Suns,PHX
0022500478,2026-01-02,1610612739,1610612743,1,W,0.582730166971027,W,1,Cleveland Cavaliers,CLE,Denver Nuggets,DEN
0022500494,2026-01-04,1610612739,1610612765,1,L,0.5719381615933546,W,0,Cleveland Cavaliers,CLE,Detroit Pistons,DET
0022500510,2026-01-06,1610612739,1610612754,0,W,0.714443499112179,W,1,Cleveland Cavaliers,CLE,Indiana Pacers,IND
0022500530,2026-01-08,1610612739,1610612750,0,L,0.37055305226100355,L,1,Cleveland Cavaliers,CLE,Minnesota Timberwolves,MIN
0022500542,2026-01-10,1610612739,1610612750,1,W,0.46662877859749746,L,0,Cleveland Cavaliers,CLE,Minnesota Timberwolves,MIN
0022500558,2026-01-12,1610612739,1610612762,1,L,0.729673249109478,W,0,Cleveland Cavaliers,CLE,Utah Jazz,UTA
0022500572,2026-01-14,1610612739,1610612755,0,W,0.34862600227600987,L,0,Cleveland Cavaliers,CLE,Philadelphia 76ers,PHI
0022500589,2026-01-16,1610612739,1610612755,0,W,0.4476239650312957,L,0,Cleveland Cavaliers,CLE,Philadelphia 76ers,PHI
0022500015,2026-01-19,1610612739,1610612760,1,L,0.483967590254566,L,1,Cleveland Cavaliers,CLE,Oklahoma City Thunder,OKC
0022500620,2026-01-21,1610612739,1610612766,0,W,0.32845440978921747,L,0,Cleveland Cavaliers,CLE,Charlotte Hornets,CHA
0022500638,2026-01-23,1610612739,1610612758,1,W,0.6014618504546257,W,1,Cleveland Cavaliers,CLE,Sacramento Kings,SAC
0022500646,2026-01-24,1610612739,1610612753,0,W,0.5382997845519041,W,1,Cleveland Cavaliers,CLE,Orlando Magic,ORL
0022500658,2026-01-26,1610612739,1610612753,1,W,0.6915918066119443,W,1,Cleveland Cavaliers,CLE,Orlando Magic,ORL
0022500671,2026-01-28,1610612739,1610612747,1,W,0.5665885264431147,W,1,Cleveland Cavaliers,CLE,Los Angeles Lakers,LAL
0022500693,2026-01-30,1610612739,1610612756,0,L,0.5787152268495885,W,0,Cleveland Cavaliers,CLE,Phoenix Suns,PHX
0022500710,2026-02-01,1610612739,1610612757,0,W,0.6497850725394514,W,1,Cleveland Cavaliers,CLE,Portland Trail Blazers,POR
0022500732,2026-02-04,1610612739,1610612746,0,W,0.4916477499850187,L,0,Cleveland Cavaliers,CLE,Los Angeles Clippers,LAC
0022500756,2026-02-07,1610612739,1610612758,0,W,0.7846999154437753,W,1,Cleveland Cavaliers,CLE,Sacramento Kings,SAC
0022500767,2026-02-09,1610612739,1610612743,0,W,0.5973626642528124,W,1,Cleveland Cavaliers,CLE,Denver Nuggets,DEN
0022500776,2026-02-11,1610612739,1610612764,1,W,0.7862286646223887,W,1,Cleveland Cavaliers,CLE,Washington Wizards,WAS
0022500793,2026-02-19,1610612739,1610612751,1,W,0.8263632229176548,W,1,Cleveland Cavaliers,CLE,Brooklyn Nets,BKN
0022500802,2026-02-20,1610612739,1610612766,0,W,0.608001397650681,W,1,Cleveland Cavaliers,CLE,Charlotte Hornets,CHA
0022500817,2026-02-22,1610612739,1610612760,0,L,0.5894037205361551,W,0,Cleveland Cavaliers,CLE,Oklahoma City Thunder,OKC
0022500835,2026-02-24,1610612739,1610612752,1,W,0.5969285601441946,W,1,Cleveland Cavaliers,CLE,New York Knicks,NYK
0022500846,2026-02-25,1610612739,1610612749,0,L,0.5142030381099493,W,0,Cleveland Cavaliers,CLE,Milwaukee Bucks,MIL
0022500858,2026-02-27,1610612739,1610612765,0,L,0.475527040882758,L,1,Cleveland Cavaliers,CLE,Detroit Pistons,DET
0022500869,2026-03-01,1610612739,1610612751,0,W,0.7100122788731215,W,1,Cleveland Cavaliers,CLE,Brooklyn Nets,BKN
0022500884,2026-03-03,1610612739,1610612765,1,W,0.4509058298983498,L,0,Cleveland Cavaliers,CLE,Detroit Pistons,DET
0022500921,2026-03-08,1610612739,1610612738,1,L,0.41348602186412514,L,1,Cleveland Cavaliers,CLE,Boston Celtics,BOS
0022500931,2026-03-09,1610612739,1610612755,1,W,0.6502109211738993,W,1,Cleveland Cavaliers,CLE,Philadelphia 76ers,PHI
0022500947,2026-03-11,1610612739,1610612753,0,L,0.37601347596095663,L,1,Cleveland Cavaliers,CLE,Orlando Magic,ORL
0022500965,2026-03-13,1610612739,1610612742,0,W,0.6774279548346438,W,1,Cleveland Cavaliers,CLE,Dallas Mavericks,DAL
0022500977,2026-03-15,1610612739,1610612742,1,L,0.8251710270771698,W,0,Cleveland Cavaliers,CLE,Dallas Mavericks,DAL
0022500995,2026-03-17,1610612739,1610612749,0,W,0.6566578365288396,W,1,Cleveland Cavaliers,CLE,Milwaukee Bucks,MIL
0022501011,2026-03-19,1610612739,1610612741,0,W,0.5577008715839308,W,1,Cleveland Cavaliers,CLE,Chicago Bulls,CHI
0022501025,2026-03-21,1610612739,1610612740,0,W,0.44439596231580586,L,0,Cleveland Cavaliers,CLE,New Orleans Pelicans,NOP
0022501049,2026-03-24,1610612739,1610612753,1,W,0.7446403769133648,W,1,Cleveland Cavaliers,CLE,Orlando Magic,ORL
0022501055,2026-03-25,1610612739,1610612748,1,L,0.7230674599746904,W,0,Cleveland Cavaliers,CLE,Miami Heat,MIA
0022501068,2026-03-27,1610612739,1610612748,1,W,0.686545298263535,W,1,Cleveland Cavaliers,CLE,Miami Heat,MIA
0022501096,2026-03-30,1610612739,1610612762,0,W,0.7516021389937904,W,1,Cleveland Cavaliers,CLE,Utah Jazz,UTA
0022501103,2026-03-31,1610612739,1610612747,0,L,0.3645181072256563,L,1,Cleveland Cavaliers,CLE,Los Angeles Lakers,LAL
0022501117,2026-04-02,1610612739,1610612744,0,W,0.6268908305782183,W,1,Cleveland Cavaliers,CLE,Golden State Warriors,GSW
0022501136,2026-04-05,1610612739,1610612754,1,W,0.7210499313383572,W,1,Cleveland Cavaliers,CLE,Indiana Pacers,IND
0022501145,2026-04-06,1610612739,1610612763,0,W,0.8005897069617056,W,1,Cleveland Cavaliers,CLE,Memphis Grizzlies,MEM
0022501158,2026-04-08,1610612739,1610612737,1,W,0.5395225530860907,W,1,Cleveland Cavaliers,CLE,Atlanta Hawks,ATL
0022501173,2026-04-10,1610612739,1610612737,0,L,0.4379165538933725,L,1,Cleveland Cavaliers,CLE,Atlanta Hawks,ATL
0022501187,2026-04-12,1610612739,1610612764,1,W,0.8199924379136617,W,1,Cleveland Cavaliers,CLE,Washington Wizards,WAS
0022500148,2025-11-02,1610612740,1610612760,0,L,0.09181708448974865,L,1,New Orleans Pelicans,NOP,Oklahoma City Thunder,OKC
0022500168,2025-11-04,1610612740,1610612766,1,W,0.31899328903320767,L,0,New Orleans Pelicans,NOP,Charlotte Hornets,CHA
0022500177,2025-11-05,1610612740,1610612742,0,W,0.3219485208853403,L,0,New Orleans Pelicans,NOP,Dallas Mavericks,DAL
0022500188,2025-11-08,1610612740,1610612759,0,L,0.28147231579976795,L,1,New Orleans Pelicans,NOP,San Antonio Spurs,SAS
0022500204,2025-11-10,1610612740,1610612756,0,L,0.2847615870427968,L,1,New Orleans Pelicans,NOP,Phoenix Suns,PHX
0022500219,2025-11-12,1610612740,1610612757,1,L,0.4096211399433329,L,1,New Orleans Pelicans,NOP,Portland Trail Blazers,POR
0022500045,2025-11-14,1610612740,1610612747,1,L,0.4240533538055367,L,1,New Orleans Pelicans,NOP,Los Angeles Lakers,LAL
0022500237,2025-11-16,1610612740,1610612744,1,L,0.414442425425903,L,1,New Orleans Pelicans,NOP,Golden State Warriors,GSW
0022500247,2025-11-17,1610612740,1610612760,1,L,0.13718825585959601,L,1,New Orleans Pelicans,NOP,Oklahoma City Thunder,OKC
0022500260,2025-11-19,1610612740,1610612743,1,L,0.20878311012709982,L,1,New Orleans Pelicans,NOP,Denver Nuggets,DEN
0022500052,2025-11-21,1610612740,1610612742,0,L,0.4446817246717252,L,1,New Orleans Pelicans,NOP,Dallas Mavericks,DAL
0022500270,2025-11-22,1610612740,1610612737,1,L,0.3364204013098429,L,1,New Orleans Pelicans,NOP,Atlanta Hawks,ATL
0022500289,2025-11-24,1610612740,1610612741,1,W,0.4252064847418812,L,0,New Orleans Pelicans,NOP,Chicago Bulls,CHI
0022500065,2025-11-26,1610612740,1610612763,1,L,0.3514805254413139,L,1,New Orleans Pelicans,NOP,Memphis Grizzlies,MEM
0022500298,2025-11-29,1610612740,1610612744,0,L,0.3225961152082572,L,1,New Orleans Pelicans,NOP,Golden State Warriors,GSW
0022500308,2025-11-30,1610612740,1610612747,0,L,0.16858644993125388,L,1,New Orleans Pelicans,NOP,Los Angeles Lakers,LAL
0022500321,2025-12-02,1610612740,1610612750,1,L,0.36975128781438277,L,1,New Orleans Pelicans,NOP,Minnesota Timberwolves,MIN
0022500337,2025-12-04,1610612740,1610612750,1,L,0.3756640209661578,L,1,New Orleans Pelicans,NOP,Minnesota Timberwolves,MIN
0022500350,2025-12-06,1610612740,1610612751,0,L,0.3884629818957508,L,1,New Orleans Pelicans,NOP,Brooklyn Nets,BKN
0022500366,2025-12-08,1610612740,1610612759,1,L,0.31922744484236937,L,1,New Orleans Pelicans,NOP,San Antonio Spurs,SAS
0022501207,2025-12-11,1610612740,1610612757,1,W,0.4609657457014423,L,0,New Orleans Pelicans,NOP,Portland Trail Blazers,POR
0022501223,2025-12-14,1610612740,1610612741,0,W,0.5211056917830464,W,1,New Orleans Pelicans,NOP,Chicago Bulls,CHI
0022500375,2025-12-18,1610612740,1610612745,1,W,0.4383310613865877,L,0,New Orleans Pelicans,NOP,Houston Rockets,HOU
0022500389,2025-12-20,1610612740,1610612754,1,W,0.49659917351245597,L,0,New Orleans Pelicans,NOP,Indiana Pacers,IND
0022500404,2025-12-22,1610612740,1610612742,1,W,0.5329672228561658,W,1,New Orleans Pelicans,NOP,Dallas Mavericks,DAL
0022500412,2025-12-23,1610612740,1610612739,0,L,0.616701052762237,W,0,New Orleans Pelicans,NOP,Cleveland Cavaliers,CLE
0022500429,2025-12-26,1610612740,1610612756,1,L,0.6450128538794334,W,0,New Orleans Pelicans,NOP,Phoenix Suns,PHX
0022500434,2025-12-27,1610612740,1610612756,1,L,0.5250837392296788,W,0,New Orleans Pelicans,NOP,Phoenix Suns,PHX
0022500454,2025-12-29,1610612740,1610612752,1,L,0.45064772481591525,L,1,New Orleans Pelicans,NOP,New York Knicks,NYK
0022500466,2025-12-31,1610612740,1610612741,0,L,0.4402367904909042,L,1,New Orleans Pelicans,NOP,Chicago Bulls,CHI
0022500482,2026-01-02,1610612740,1610612757,1,L,0.5399590420835655,W,0,New Orleans Pelicans,NOP,Portland Trail Blazers,POR
0022500497,2026-01-04,1610612740,1610612748,0,L,0.37725170606597164,L,1,New Orleans Pelicans,NOP,Miami Heat,MIA
0022500514,2026-01-06,1610612740,1610612747,1,L,0.42911080435649046,L,1,New Orleans Pelicans,NOP,Los Angeles Lakers,LAL
0022500519,2026-01-07,1610612740,1610612737,0,L,0.4176700940109393,L,1,New Orleans Pelicans,NOP,Atlanta Hawks,ATL
0022500534,2026-01-09,1610612740,1610612764,0,W,0.2834991359474795,L,0,New Orleans Pelicans,NOP,Washington Wizards,WAS
0022500548,2026-01-11,1610612740,1610612753,0,L,0.27177129503712844,L,1,New Orleans Pelicans,NOP,Orlando Magic,ORL
0022500567,2026-01-13,1610612740,1610612743,1,L,0.3608170968588541,L,1,New Orleans Pelicans,NOP,Denver Nuggets,DEN
0022500574,2026-01-14,1610612740,1610612751,1,W,0.45173776234652174,L,0,New Orleans Pelicans,NOP,Brooklyn Nets,BKN
0022500588,2026-01-16,1610612740,1610612754,0,L,0.4055358069536423,L,1,New Orleans Pelicans,NOP,Indiana Pacers,IND
0022500604,2026-01-18,1610612740,1610612745,0,L,0.3753448451349885,L,1,New Orleans Pelicans,NOP,Houston Rockets,HOU
0022500624,2026-01-21,1610612740,1610612765,1,L,0.3602505651451245,L,1,New Orleans Pelicans,NOP,Detroit Pistons,DET
0022500639,2026-01-23,1610612740,1610612763,0,W,0.3833575221506972,L,0,New Orleans Pelicans,NOP,Memphis Grizzlies,MEM
0022500654,2026-01-25,1610612740,1610612759,0,W,0.27756400224384997,L,0,New Orleans Pelicans,NOP,San Antonio Spurs,SAS
0022500667,2026-01-27,1610612740,1610612760,0,L,0.2777633438933058,L,1,New Orleans Pelicans,NOP,Oklahoma City Thunder,OKC
0022500691,2026-01-30,1610612740,1610612763,1,W,0.6282512506576281,W,1,New Orleans Pelicans,NOP,Memphis Grizzlies,MEM
0022500699,2026-01-31,1610612740,1610612755,0,L,0.4622446257438966,L,1,New Orleans Pelicans,NOP,Philadelphia 76ers,PHI
0022500712,2026-02-02,1610612740,1610612766,0,L,0.3020326474059188,L,1,New Orleans Pelicans,NOP,Charlotte Hornets,CHA
0022500729,2026-02-04,1610612740,1610612749,0,L,0.5972520857414448,W,0,New Orleans Pelicans,NOP,Milwaukee Bucks,MIL
0022500744,2026-02-06,1610612740,1610612750,0,W,0.3557730779276198,L,0,New Orleans Pelicans,NOP,Minnesota Timberwolves,MIN
0022500766,2026-02-09,1610612740,1610612758,1,W,0.6844407573492264,W,1,New Orleans Pelicans,NOP,Sacramento Kings,SAC
0022500784,2026-02-11,1610612740,1610612748,1,L,0.4828548736403482,L,1,New Orleans Pelicans,NOP,Miami Heat,MIA
0022500807,2026-02-20,1610612740,1610612749,1,L,0.5816559256232722,W,0,New Orleans Pelicans,NOP,Milwaukee Bucks,MIL
0022500812,2026-02-21,1610612740,1610612755,1,W,0.5770281153174964,W,1,New Orleans Pelicans,NOP,Philadelphia 76ers,PHI
0022500838,2026-02-24,1610612740,1610612744,1,W,0.6133527238818859,W,1,New Orleans Pelicans,NOP,Golden State Warriors,GSW
0022500856,2026-02-26,1610612740,1610612762,0,W,0.5844726353372778,W,1,New Orleans Pelicans,NOP,Utah Jazz,UTA
0022500867,2026-02-28,1610612740,1610612762,0,W,0.5923157507176117,W,1,New Orleans Pelicans,NOP,Utah Jazz,UTA
0022500877,2026-03-01,1610612740,1610612746,0,L,0.4690937241032807,L,1,New Orleans Pelicans,NOP,Los Angeles Clippers,LAC
0022500891,2026-03-03,1610612740,1610612747,0,L,0.41388103111528834,L,1,New Orleans Pelicans,NOP,Los Angeles Lakers,LAL
0022500907,2026-03-05,1610612740,1610612758,0,W,0.5902351222366194,W,1,New Orleans Pelicans,NOP,Sacramento Kings,SAC
0022500912,2026-03-06,1610612740,1610612756,0,L,0.5122321664283958,W,0,New Orleans Pelicans,NOP,Phoenix Suns,PHX
0022500925,2026-03-08,1610612740,1610612764,1,W,0.69066669156108,W,1,New Orleans Pelicans,NOP,Washington Wizards,WAS
0022500948,2026-03-11,1610612740,1610612761,1,W,0.625586941479764,W,1,New Orleans Pelicans,NOP,Toronto Raptors,TOR
0022500964,2026-03-13,1610612740,1610612745,0,L,0.5687301413643744,W,0,New Orleans Pelicans,NOP,Houston Rockets,HOU
0022500988,2026-03-16,1610612740,1610612742,1,W,0.7482233156176061,W,1,New Orleans Pelicans,NOP,Dallas Mavericks,DAL
0022501005,2026-03-18,1610612740,1610612746,1,W,0.559848509278294,W,1,New Orleans Pelicans,NOP,Los Angeles Clippers,LAC
0022501012,2026-03-19,1610612740,1610612746,1,W,0.6236324240721007,W,1,New Orleans Pelicans,NOP,Los Angeles Clippers,LAC
0022501025,2026-03-21,1610612740,1610612739,1,L,0.5423293799172226,W,0,New Orleans Pelicans,NOP,Cleveland Cavaliers,CLE
0022501048,2026-03-24,1610612740,1610612752,0,L,0.3550090749959551,L,1,New Orleans Pelicans,NOP,New York Knicks,NYK
0022501064,2026-03-26,1610612740,1610612765,0,L,0.4265176039553353,L,1,New Orleans Pelicans,NOP,Detroit Pistons,DET
0022501071,2026-03-27,1610612740,1610612761,0,L,0.47895955030094106,L,1,New Orleans Pelicans,NOP,Toronto Raptors,TOR
0022501088,2026-03-29,1610612740,1610612745,1,L,0.5062878686370317,W,0,New Orleans Pelicans,NOP,Houston Rockets,HOU
0022501118,2026-04-02,1610612740,1610612757,0,L,0.2518614649316868,L,1,New Orleans Pelicans,NOP,Portland Trail Blazers,POR
0022501128,2026-04-03,1610612740,1610612758,0,L,0.36880628712088237,L,1,New Orleans Pelicans,NOP,Sacramento Kings,SAC
0022501138,2026-04-05,1610612740,1610612753,1,L,0.5870953955716877,W,0,New Orleans Pelicans,NOP,Orlando Magic,ORL
0022501153,2026-04-07,1610612740,1610612762,1,W,0.6782400722886759,W,1,New Orleans Pelicans,NOP,Utah Jazz,UTA
0022501174,2026-04-10,1610612740,1610612738,0,L,0.2039230594362916,L,1,New Orleans Pelicans,NOP,Boston Celtics,BOS
0022501195,2026-04-12,1610612740,1610612750,0,L,0.33352305295780965,L,1,New Orleans Pelicans,NOP,Minnesota Timberwolves,MIN
0022500153,2025-11-02,1610612741,1610612752,0,L,0.6879052078174143,W,0,Chicago Bulls,CHI,New York Knicks,NYK
0022500167,2025-11-04,1610612741,1610612755,1,W,0.5424885820726144,W,1,Chicago Bulls,CHI,Philadelphia 76ers,PHI
0022500035,2025-11-07,1610612741,1610612749,0,L,0.5756683872228203,W,0,Chicago Bulls,CHI,Milwaukee Bucks,MIL
0022500186,2025-11-08,1610612741,1610612739,0,L,0.5010987239465295,W,0,Chicago Bulls,CHI,Cleveland Cavaliers,CLE
0022500202,2025-11-10,1610612741,1610612759,1,L,0.5053043846916087,W,0,Chicago Bulls,CHI,San Antonio Spurs,SAS
0022500214,2025-11-12,1610612741,1610612765,0,L,0.3166396894164818,L,1,Chicago Bulls,CHI,Detroit Pistons,DET
0022500240,2025-11-16,1610612741,1610612762,0,L,0.5710927287553402,W,0,Chicago Bulls,CHI,Utah Jazz,UTA
0022500248,2025-11-17,1610612741,1610612743,0,W,0.16605224837005572,L,0,Chicago Bulls,CHI,Denver Nuggets,DEN
0022500263,2025-11-19,1610612741,1610612757,0,W,0.46813866843367163,L,0,Chicago Bulls,CHI,Portland Trail Blazers,POR
0022500051,2025-11-21,1610612741,1610612748,1,L,0.4709359238340128,L,1,Chicago Bulls,CHI,Miami Heat,MIA
0022500271,2025-11-22,1610612741,1610612764,1,W,0.66103235000124,W,1,Chicago Bulls,CHI,Washington Wizards,WAS
0022500289,2025-11-24,1610612741,1610612740,0,L,0.5864457114078411,W,0,Chicago Bulls,CHI,New Orleans Pelicans,NOP
0022500071,2025-11-28,1610612741,1610612766,0,L,0.5378756143054116,W,0,Chicago Bulls,CHI,Charlotte Hornets,CHA
0022500295,2025-11-29,1610612741,1610612754,0,L,0.35998360548388403,L,1,Chicago Bulls,CHI,Indiana Pacers,IND
0022500314,2025-12-01,1610612741,1610612753,0,L,0.18947480610616763,L,1,Chicago Bulls,CHI,Orlando Magic,ORL
0022500329,2025-12-03,1610612741,1610612751,1,L,0.5611793766836146,W,0,Chicago Bulls,CHI,Brooklyn Nets,BKN
0022500345,2025-12-05,1610612741,1610612754,1,L,0.4695324076967063,L,1,Chicago Bulls,CHI,Indiana Pacers,IND
0022500361,2025-12-07,1610612741,1610612744,1,L,0.46159614757589296,L,1,Chicago Bulls,CHI,Golden State Warriors,GSW
0022501209,2025-12-12,1610612741,1610612766,0,W,0.35473473580307474,L,0,Chicago Bulls,CHI,Charlotte Hornets,CHA
0022501223,2025-12-14,1610612741,1610612740,1,L,0.4956929459916275,L,1,Chicago Bulls,CHI,New Orleans Pelicans,NOP
0022500367,2025-12-17,1610612741,1610612739,1,W,0.38520493629027885,L,0,Chicago Bulls,CHI,Cleveland Cavaliers,CLE
0022500384,2025-12-19,1610612741,1610612739,0,W,0.3722285473308936,L,0,Chicago Bulls,CHI,Cleveland Cavaliers,CLE
0022500396,2025-12-21,1610612741,1610612737,0,W,0.4768854035246547,L,0,Chicago Bulls,CHI,Atlanta Hawks,ATL
0022500411,2025-12-23,1610612741,1610612737,0,W,0.6011239202400609,W,1,Chicago Bulls,CHI,Atlanta Hawks,ATL
0022500427,2025-12-26,1610612741,1610612755,1,W,0.49666281960802555,L,0,Chicago Bulls,CHI,Philadelphia 76ers,PHI
0022500437,2025-12-27,1610612741,1610612749,1,L,0.7369860728126565,W,0,Chicago Bulls,CHI,Milwaukee Bucks,MIL
0022500452,2025-12-29,1610612741,1610612750,1,L,0.5571022381208209,W,0,Chicago Bulls,CHI,Minnesota Timberwolves,MIN
0022500466,2025-12-31,1610612741,1610612740,1,W,0.5863412663116843,W,1,Chicago Bulls,CHI,New Orleans Pelicans,NOP
0022500480,2026-01-02,1610612741,1610612753,1,W,0.6127219452299227,W,1,Chicago Bulls,CHI,Orlando Magic,ORL
0022500489,2026-01-03,1610612741,1610612766,1,L,0.608284967231127,W,0,Chicago Bulls,CHI,Charlotte Hornets,CHA
0022500503,2026-01-05,1610612741,1610612738,0,L,0.3603859941281117,L,1,Chicago Bulls,CHI,Boston Celtics,BOS
0022500517,2026-01-07,1610612741,1610612765,0,L,0.40634674566286,L,1,Chicago Bulls,CHI,Detroit Pistons,DET
0022500546,2026-01-10,1610612741,1610612742,1,W,0.6386801643721157,W,1,Chicago Bulls,CHI,Dallas Mavericks,DAL
0022500565,2026-01-13,1610612741,1610612745,0,L,0.45958439952489416,L,1,Chicago Bulls,CHI,Houston Rockets,HOU
0022500573,2026-01-14,1610612741,1610612762,1,W,0.6344106902889156,W,1,Chicago Bulls,CHI,Utah Jazz,UTA
0022500587,2026-01-16,1610612741,1610612751,0,L,0.5689222213989527,W,0,Chicago Bulls,CHI,Brooklyn Nets,BKN
0022500603,2026-01-18,1610612741,1610612751,1,W,0.6367435492624721,W,1,Chicago Bulls,CHI,Brooklyn Nets,BKN
0022500614,2026-01-20,1610612741,1610612746,1,W,0.5074065446133451,W,1,Chicago Bulls,CHI,Los Angeles Clippers,LAC
0022500631,2026-01-22,1610612741,1610612750,0,W,0.44373940934505157,L,0,Chicago Bulls,CHI,Minnesota Timberwolves,MIN
0022500647,2026-01-24,1610612741,1610612738,1,W,0.5240522980060067,W,1,Chicago Bulls,CHI,Boston Celtics,BOS
0022500661,2026-01-26,1610612741,1610612747,1,L,0.6563698665653288,W,0,Chicago Bulls,CHI,Los Angeles Lakers,LAL
0022500672,2026-01-28,1610612741,1610612754,0,L,0.6462877687515036,W,0,Chicago Bulls,CHI,Indiana Pacers,IND
0022500529,2026-01-29,1610612741,1610612748,1,L,0.6107392962251473,W,0,Chicago Bulls,CHI,Miami Heat,MIA
0022500692,2026-01-31,1610612741,1610612748,0,W,0.43644612965687746,L,0,Chicago Bulls,CHI,Miami Heat,MIA
0022500705,2026-02-01,1610612741,1610612748,0,L,0.47098421980736416,L,1,Chicago Bulls,CHI,Miami Heat,MIA
0022500722,2026-02-03,1610612741,1610612749,0,L,0.5121220192974343,W,0,Chicago Bulls,CHI,Milwaukee Bucks,MIL
0022500736,2026-02-05,1610612741,1610612761,0,L,0.4536439684812469,L,1,Chicago Bulls,CHI,Toronto Raptors,TOR
0022500752,2026-02-07,1610612741,1610612743,1,L,0.42848421467474257,L,1,Chicago Bulls,CHI,Denver Nuggets,DEN
0022500762,2026-02-09,1610612741,1610612751,0,L,0.42866340271476755,L,1,Chicago Bulls,CHI,Brooklyn Nets,BKN
0022500778,2026-02-11,1610612741,1610612738,0,L,0.11957282148407586,L,1,Chicago Bulls,CHI,Boston Celtics,BOS
0022500797,2026-02-19,1610612741,1610612761,1,L,0.2800386181854044,L,1,Chicago Bulls,CHI,Toronto Raptors,TOR
0022500814,2026-02-21,1610612741,1610612765,1,L,0.17719359366943394,L,1,Chicago Bulls,CHI,Detroit Pistons,DET
0022500825,2026-02-22,1610612741,1610612752,1,L,0.20576951945310712,L,1,Chicago Bulls,CHI,New York Knicks,NYK
0022500836,2026-02-24,1610612741,1610612766,1,L,0.2927232171248247,L,1,Chicago Bulls,CHI,Charlotte Hornets,CHA
0022500853,2026-02-26,1610612741,1610612757,1,L,0.39106303791515645,L,1,Chicago Bulls,CHI,Portland Trail Blazers,POR
0022500870,2026-03-01,1610612741,1610612749,1,W,0.26599203368175844,L,0,Chicago Bulls,CHI,Milwaukee Bucks,MIL
0022500889,2026-03-03,1610612741,1610612760,1,L,0.29647677565997066,L,1,Chicago Bulls,CHI,Oklahoma City Thunder,OKC
0022500905,2026-03-05,1610612741,1610612756,0,W,0.28433977361185747,L,0,Chicago Bulls,CHI,Phoenix Suns,PHX
0022500930,2026-03-08,1610612741,1610612758,0,L,0.458415445264415,L,1,Chicago Bulls,CHI,Sacramento Kings,SAC
0022500943,2026-03-10,1610612741,1610612744,0,W,0.4752715331419181,L,0,Chicago Bulls,CHI,Golden State Warriors,GSW
0022500960,2026-03-12,1610612741,1610612747,0,L,0.32840420770007034,L,1,Chicago Bulls,CHI,Los Angeles Lakers,LAL
0022500968,2026-03-13,1610612741,1610612746,0,L,0.3126761150388342,L,1,Chicago Bulls,CHI,Los Angeles Clippers,LAC
0022500987,2026-03-16,1610612741,1610612763,1,W,0.6706030709464903,W,1,Chicago Bulls,CHI,Memphis Grizzlies,MEM
0022501002,2026-03-18,1610612741,1610612761,1,L,0.48302453374520643,L,1,Chicago Bulls,CHI,Toronto Raptors,TOR
0022501011,2026-03-19,1610612741,1610612739,1,L,0.3651952784915222,L,1,Chicago Bulls,CHI,Cleveland Cavaliers,CLE
0022501042,2026-03-23,1610612741,1610612745,1,W,0.44055037552542825,L,0,Chicago Bulls,CHI,Houston Rockets,HOU
0022501053,2026-03-25,1610612741,1610612755,0,L,0.3953110256252665,L,1,Chicago Bulls,CHI,Philadelphia 76ers,PHI
0022501070,2026-03-27,1610612741,1610612760,0,L,0.17554292536178373,L,1,Chicago Bulls,CHI,Oklahoma City Thunder,OKC
0022501079,2026-03-28,1610612741,1610612763,0,L,0.542179584844572,W,0,Chicago Bulls,CHI,Memphis Grizzlies,MEM
0022501094,2026-03-30,1610612741,1610612759,0,L,0.1478781270174102,L,1,Chicago Bulls,CHI,San Antonio Spurs,SAS
0022501109,2026-04-01,1610612741,1610612754,1,L,0.48772846912927387,L,1,Chicago Bulls,CHI,Indiana Pacers,IND
0022501123,2026-04-03,1610612741,1610612752,0,L,0.20973923610129727,L,1,Chicago Bulls,CHI,New York Knicks,NYK
0022501134,2026-04-05,1610612741,1610612756,1,L,0.3395183044764217,L,1,Chicago Bulls,CHI,Phoenix Suns,PHX
0022501148,2026-04-07,1610612741,1610612764,0,W,0.42993053487169625,L,0,Chicago Bulls,CHI,Washington Wizards,WAS
0022501166,2026-04-09,1610612741,1610612764,0,W,0.5233255579943588,W,1,Chicago Bulls,CHI,Washington Wizards,WAS
0022501177,2026-04-10,1610612741,1610612753,1,L,0.40585837009987125,L,1,Chicago Bulls,CHI,Orlando Magic,ORL
0022501193,2026-04-12,1610612741,1610612742,0,L,0.4284668055703025,L,1,Chicago Bulls,CHI,Dallas Mavericks,DAL
0022500147,2025-11-01,1610612742,1610612765,0,L,0.37601477891903584,L,1,Dallas Mavericks,DAL,Detroit Pistons,DET
0022500160,2025-11-03,1610612742,1610612745,0,L,0.30825704447528224,L,1,Dallas Mavericks,DAL,Houston Rockets,HOU
0022500177,2025-11-05,1610612742,1610612740,1,L,0.707823967377597,W,0,Dallas Mavericks,DAL,New Orleans Pelicans,NOP
0022500034,2025-11-07,1610612742,1610612763,0,L,0.4444591773278263,L,1,Dallas Mavericks,DAL,Memphis Grizzlies,MEM
0022500183,2025-11-08,1610612742,1610612764,0,W,0.6921984724479985,W,1,Dallas Mavericks,DAL,Washington Wizards,WAS
0022500203,2025-11-10,1610612742,1610612749,1,L,0.45888445396278127,L,1,Dallas Mavericks,DAL,Milwaukee Bucks,MIL
0022500221,2025-11-12,1610612742,1610612756,1,L,0.4341657332461184,L,1,Dallas Mavericks,DAL,Phoenix Suns,PHX
0022500046,2025-11-14,1610612742,1610612746,1,L,0.6011184128379529,W,0,Dallas Mavericks,DAL,Los Angeles Clippers,LAC
0022500238,2025-11-16,1610612742,1610612757,1,W,0.4295783515271264,L,0,Dallas Mavericks,DAL,Portland Trail Blazers,POR
0022500246,2025-11-17,1610612742,1610612750,0,L,0.23987785252915994,L,1,Dallas Mavericks,DAL,Minnesota Timberwolves,MIN
0022500262,2025-11-19,1610612742,1610612752,1,L,0.292991719449771,L,1,Dallas Mavericks,DAL,New York Knicks,NYK
0022500052,2025-11-21,1610612742,1610612740,1,W,0.5864892054844387,W,1,Dallas Mavericks,DAL,New Orleans Pelicans,NOP
0022500273,2025-11-22,1610612742,1610612763,1,L,0.5329725417411343,W,0,Dallas Mavericks,DAL,Memphis Grizzlies,MEM
0022500286,2025-11-24,1610612742,1610612748,0,L,0.27067865145473113,L,1,Dallas Mavericks,DAL,Miami Heat,MIA
0022500078,2025-11-28,1610612742,1610612747,0,L,0.23447520523105972,L,1,Dallas Mavericks,DAL,Los Angeles Lakers,LAL
0022500300,2025-11-29,1610612742,1610612746,0,W,0.5174567505379296,W,1,Dallas Mavericks,DAL,Los Angeles Clippers,LAC
0022500315,2025-12-01,1610612742,1610612743,0,W,0.2860146061314412,L,0,Dallas Mavericks,DAL,Denver Nuggets,DEN
0022500332,2025-12-03,1610612742,1610612748,1,W,0.4510294025946387,L,0,Dallas Mavericks,DAL,Miami Heat,MIA
0022500349,2025-12-05,1610612742,1610612760,0,L,0.27753223511282815,L,1,Dallas Mavericks,DAL,Oklahoma City Thunder,OKC
0022500356,2025-12-06,1610612742,1610612745,1,W,0.3117666222373427,L,0,Dallas Mavericks,DAL,Houston Rockets,HOU
0022501214,2025-12-12,1610612742,1610612751,1,W,0.637566945045334,W,1,Dallas Mavericks,DAL,Brooklyn Nets,BKN
0022501224,2025-12-15,1610612742,1610612762,0,L,0.648674733378318,W,0,Dallas Mavericks,DAL,Utah Jazz,UTA
0022500376,2025-12-18,1610612742,1610612765,1,W,0.43700685858212657,L,0,Dallas Mavericks,DAL,Detroit Pistons,DET
0022500387,2025-12-20,1610612742,1610612755,0,L,0.366371502060899,L,1,Dallas Mavericks,DAL,Philadelphia 76ers,PHI
0022500404,2025-12-22,1610612742,1610612740,0,L,0.5183995343477698,W,0,Dallas Mavericks,DAL,New Orleans Pelicans,NOP
0022500415,2025-12-23,1610612742,1610612743,1,W,0.35767980550441636,L,0,Dallas Mavericks,DAL,Denver Nuggets,DEN
0022500011,2025-12-25,1610612742,1610612744,0,L,0.4913705852181346,L,1,Dallas Mavericks,DAL,Golden State Warriors,GSW
0022500432,2025-12-27,1610612742,1610612758,0,L,0.5714042680800686,W,0,Dallas Mavericks,DAL,Sacramento Kings,SAC
0022500457,2025-12-29,1610612742,1610612757,0,L,0.48513396530994973,L,1,Dallas Mavericks,DAL,Portland Trail Blazers,POR
0022500473,2026-01-01,1610612742,1610612755,1,L,0.5565062699007444,W,0,Dallas Mavericks,DAL,Philadelphia 76ers,PHI
0022500491,2026-01-03,1610612742,1610612745,1,W,0.36988777081727797,L,0,Dallas Mavericks,DAL,Houston Rockets,HOU
0022500515,2026-01-06,1610612742,1610612758,0,W,0.5953861570523824,W,1,Dallas Mavericks,DAL,Sacramento Kings,SAC
0022500531,2026-01-08,1610612742,1610612762,0,L,0.6538204729327494,W,0,Dallas Mavericks,DAL,Utah Jazz,UTA
0022500546,2026-01-10,1610612742,1610612741,0,L,0.3407041319561195,L,1,Dallas Mavericks,DAL,Chicago Bulls,CHI
0022500561,2026-01-12,1610612742,1610612751,1,W,0.5440470437044252,W,1,Dallas Mavericks,DAL,Brooklyn Nets,BKN
0022500575,2026-01-14,1610612742,1610612743,1,L,0.5532044660464833,W,0,Dallas Mavericks,DAL,Denver Nuggets,DEN
0022500583,2026-01-15,1610612742,1610612762,1,W,0.6096245173516723,W,1,Dallas Mavericks,DAL,Utah Jazz,UTA
0022500593,2026-01-17,1610612742,1610612762,1,W,0.6846560698334376,W,1,Dallas Mavericks,DAL,Utah Jazz,UTA
0022500016,2026-01-19,1610612742,1610612752,0,W,0.602832412272339,W,1,Dallas Mavericks,DAL,New York Knicks,NYK
0022500630,2026-01-22,1610612742,1610612744,1,W,0.5353625584491738,W,1,Dallas Mavericks,DAL,Golden State Warriors,GSW
0022500648,2026-01-24,1610612742,1610612747,1,L,0.7050759095273598,W,0,Dallas Mavericks,DAL,Los Angeles Lakers,LAL
0022500677,2026-01-28,1610612742,1610612750,1,L,0.6761002031005225,W,0,Dallas Mavericks,DAL,Minnesota Timberwolves,MIN
0022500683,2026-01-29,1610612742,1610612766,1,L,0.3874698677870933,L,1,Dallas Mavericks,DAL,Charlotte Hornets,CHA
0022500701,2026-01-31,1610612742,1610612745,0,L,0.41313689093601397,L,1,Dallas Mavericks,DAL,Houston Rockets,HOU
0022500721,2026-02-03,1610612742,1610612738,1,L,0.39109467393298336,L,1,Dallas Mavericks,DAL,Boston Celtics,BOS
0022500738,2026-02-05,1610612742,1610612759,1,L,0.392410206188735,L,1,Dallas Mavericks,DAL,San Antonio Spurs,SAS
0022500749,2026-02-07,1610612742,1610612759,0,L,0.2755764423376628,L,1,Dallas Mavericks,DAL,San Antonio Spurs,SAS
0022500773,2026-02-10,1610612742,1610612756,0,L,0.3992192093970156,L,1,Dallas Mavericks,DAL,Phoenix Suns,PHX
0022500791,2026-02-12,1610612742,1610612747,0,L,0.373888453566677,L,1,Dallas Mavericks,DAL,Los Angeles Lakers,LAL
0022500806,2026-02-20,1610612742,1610612750,0,L,0.2638512204534445,L,1,Dallas Mavericks,DAL,Minnesota Timberwolves,MIN
0022500821,2026-02-22,1610612742,1610612754,0,W,0.3343482957619648,L,0,Dallas Mavericks,DAL,Indiana Pacers,IND
0022500833,2026-02-24,1610612742,1610612751,0,W,0.3900878034165052,L,0,Dallas Mavericks,DAL,Brooklyn Nets,BKN
0022500854,2026-02-26,1610612742,1610612758,1,L,0.7113992102451148,W,0,Dallas Mavericks,DAL,Sacramento Kings,SAC
0022500861,2026-02-27,1610612742,1610612763,1,L,0.5649200964133542,W,0,Dallas Mavericks,DAL,Memphis Grizzlies,MEM
0022500876,2026-03-01,1610612742,1610612760,1,L,0.3957408450660604,L,1,Dallas Mavericks,DAL,Oklahoma City Thunder,OKC
0022500883,2026-03-03,1610612742,1610612766,0,L,0.20971172396254253,L,1,Dallas Mavericks,DAL,Charlotte Hornets,CHA
0022500899,2026-03-05,1610612742,1610612753,0,L,0.2734555283522733,L,1,Dallas Mavericks,DAL,Orlando Magic,ORL
0022500908,2026-03-06,1610612742,1610612738,0,L,0.18049055844969947,L,1,Dallas Mavericks,DAL,Boston Celtics,BOS
0022500924,2026-03-08,1610612742,1610612761,0,L,0.32723899176621674,L,1,Dallas Mavericks,DAL,Toronto Raptors,TOR
0022500939,2026-03-10,1610612742,1610612737,0,L,0.16046524468902354,L,1,Dallas Mavericks,DAL,Atlanta Hawks,ATL
0022501111,2026-03-12,1610612742,1610612763,0,W,0.4673690697076365,L,0,Dallas Mavericks,DAL,Memphis Grizzlies,MEM
0022500965,2026-03-13,1610612742,1610612739,1,L,0.3407855508543447,L,1,Dallas Mavericks,DAL,Cleveland Cavaliers,CLE
0022500977,2026-03-15,1610612742,1610612739,0,W,0.21099267281961903,L,0,Dallas Mavericks,DAL,Cleveland Cavaliers,CLE
0022500988,2026-03-16,1610612742,1610612740,0,L,0.22181738630263537,L,1,Dallas Mavericks,DAL,New Orleans Pelicans,NOP
0022501006,2026-03-18,1610612742,1610612737,1,L,0.19864370364611705,L,1,Dallas Mavericks,DAL,Atlanta Hawks,ATL
0022501029,2026-03-21,1610612742,1610612746,1,L,0.4188585916693166,L,1,Dallas Mavericks,DAL,Los Angeles Clippers,LAC
0022501044,2026-03-23,1610612742,1610612744,1,L,0.5562074737280304,W,0,Dallas Mavericks,DAL,Golden State Warriors,GSW
0022501059,2026-03-25,1610612742,1610612743,0,L,0.23161856257425587,L,1,Dallas Mavericks,DAL,Denver Nuggets,DEN
0022501074,2026-03-27,1610612742,1610612757,0,W,0.19829102549923414,L,0,Dallas Mavericks,DAL,Portland Trail Blazers,POR
0022501095,2026-03-30,1610612742,1610612750,1,L,0.4015803870635217,L,1,Dallas Mavericks,DAL,Minnesota Timberwolves,MIN
0022500652,2026-03-31,1610612742,1610612749,0,L,0.5938807824580397,W,0,Dallas Mavericks,DAL,Milwaukee Bucks,MIL
0022501127,2026-04-03,1610612742,1610612753,1,L,0.5825036460463195,W,0,Dallas Mavericks,DAL,Orlando Magic,ORL
0022501140,2026-04-05,1610612742,1610612747,1,W,0.2767262391444001,L,0,Dallas Mavericks,DAL,Los Angeles Lakers,LAL
0022501156,2026-04-07,1610612742,1610612746,0,L,0.28166036997312216,L,1,Dallas Mavericks,DAL,Los Angeles Clippers,LAC
0022501164,2026-04-08,1610612742,1610612756,0,L,0.3613905893262244,L,1,Dallas Mavericks,DAL,Phoenix Suns,PHX
0022501180,2026-04-10,1610612742,1610612759,0,L,0.18381169267696285,L,1,Dallas Mavericks,DAL,San Antonio Spurs,SAS
0022501193,2026-04-12,1610612742,1610612741,1,W,0.5707876419181409,W,1,Dallas Mavericks,DAL,Chicago Bulls,CHI
0022500162,2025-11-03,1610612743,1610612758,1,W,0.7366523205116798,W,1,Denver Nuggets,DEN,Sacramento Kings,SAC
0022500178,2025-11-05,1610612743,1610612748,1,W,0.6707007704874343,W,1,Denver Nuggets,DEN,Miami Heat,MIA
0022500037,2025-11-07,1610612743,1610612744,1,W,0.6840013820237024,W,1,Denver Nuggets,DEN,Golden State Warriors,GSW
0022500189,2025-11-08,1610612743,1610612754,1,W,0.7804592440259847,W,1,Denver Nuggets,DEN,Indiana Pacers,IND
0022500212,2025-11-11,1610612743,1610612758,0,W,0.7804915678053531,W,1,Denver Nuggets,DEN,Sacramento Kings,SAC
0022500224,2025-11-12,1610612743,1610612746,0,W,0.7571533605093679,W,1,Denver Nuggets,DEN,Los Angeles Clippers,LAC
0022500232,2025-11-15,1610612743,1610612750,0,W,0.6020563228489838,W,1,Denver Nuggets,DEN,Minnesota Timberwolves,MIN
0022500248,2025-11-17,1610612743,1610612741,1,L,0.8412430781244035,W,0,Denver Nuggets,DEN,Chicago Bulls,CHI
0022500260,2025-11-19,1610612743,1610612740,0,W,0.7920680095514664,W,1,Denver Nuggets,DEN,New Orleans Pelicans,NOP
0022500054,2025-11-21,1610612743,1610612745,0,W,0.35744798023393515,L,0,Denver Nuggets,DEN,Houston Rockets,HOU
0022500274,2025-11-22,1610612743,1610612758,1,L,0.8761472268022662,W,0,Denver Nuggets,DEN,Sacramento Kings,SAC
0022500287,2025-11-24,1610612743,1610612763,0,W,0.5936754879267848,W,1,Denver Nuggets,DEN,Memphis Grizzlies,MEM
0022500076,2025-11-28,1610612743,1610612759,1,L,0.5453033737273407,W,0,Denver Nuggets,DEN,San Antonio Spurs,SAS
0022500299,2025-11-29,1610612743,1610612756,0,W,0.4634023903569803,L,0,Denver Nuggets,DEN,Phoenix Suns,PHX
0022500315,2025-12-01,1610612743,1610612742,1,L,0.7092831623299295,W,0,Denver Nuggets,DEN,Dallas Mavericks,DAL
0022500325,2025-12-03,1610612743,1610612754,0,W,0.564186515490122,W,1,Denver Nuggets,DEN,Indiana Pacers,IND
0022500340,2025-12-05,1610612743,1610612737,0,W,0.5867075838345016,W,1,Denver Nuggets,DEN,Atlanta Hawks,ATL
0022500359,2025-12-07,1610612743,1610612766,0,W,0.5276206455654784,W,1,Denver Nuggets,DEN,Charlotte Hornets,CHA
0022501208,2025-12-11,1610612743,1610612758,0,W,0.6441613346394022,W,1,Denver Nuggets,DEN,Sacramento Kings,SAC
0022501225,2025-12-15,1610612743,1610612745,1,W,0.6025294468375391,W,1,Denver Nuggets,DEN,Houston Rockets,HOU
0022500377,2025-12-18,1610612743,1610612753,1,W,0.6065083415548113,W,1,Denver Nuggets,DEN,Orlando Magic,ORL
0022500386,2025-12-20,1610612743,1610612745,1,L,0.6921676586410505,W,0,Denver Nuggets,DEN,Houston Rockets,HOU
0022500405,2025-12-22,1610612743,1610612762,1,W,0.6903497454925707,W,1,Denver Nuggets,DEN,Utah Jazz,UTA
0022500415,2025-12-23,1610612743,1610612742,0,L,0.6331189382968455,W,0,Denver Nuggets,DEN,Dallas Mavericks,DAL
0022500013,2025-12-25,1610612743,1610612750,1,W,0.504347940320319,W,1,Denver Nuggets,DEN,Minnesota Timberwolves,MIN
0022500433,2025-12-27,1610612743,1610612753,0,L,0.6267897781109222,W,0,Denver Nuggets,DEN,Orlando Magic,ORL
0022500450,2025-12-29,1610612743,1610612748,0,L,0.5703651578441862,W,0,Denver Nuggets,DEN,Miami Heat,MIA
0022500468,2025-12-31,1610612743,1610612761,0,W,0.4248234063558944,L,0,Denver Nuggets,DEN,Toronto Raptors,TOR
0022500478,2026-01-02,1610612743,1610612739,0,L,0.41855251563075446,L,1,Denver Nuggets,DEN,Cleveland Cavaliers,CLE
0022500496,2026-01-04,1610612743,1610612751,0,L,0.528664657829716,W,0,Denver Nuggets,DEN,Brooklyn Nets,BKN
0022500507,2026-01-05,1610612743,1610612755,0,W,0.39652190520509,L,0,Denver Nuggets,DEN,Philadelphia 76ers,PHI
0022500520,2026-01-07,1610612743,1610612738,0,W,0.2219194720964564,L,0,Denver Nuggets,DEN,Boston Celtics,BOS
0022500537,2026-01-09,1610612743,1610612737,1,L,0.6030624858963394,W,0,Denver Nuggets,DEN,Atlanta Hawks,ATL
0022500554,2026-01-11,1610612743,1610612749,1,W,0.43897584902983183,L,0,Denver Nuggets,DEN,Milwaukee Bucks,MIL
0022500567,2026-01-13,1610612743,1610612740,0,W,0.6309949003046396,W,1,Denver Nuggets,DEN,New Orleans Pelicans,NOP
0022500575,2026-01-14,1610612743,1610612742,0,W,0.4543016133918494,L,0,Denver Nuggets,DEN,Dallas Mavericks,DAL
0022500600,2026-01-17,1610612743,1610612764,1,W,0.7992532847056347,W,1,Denver Nuggets,DEN,Washington Wizards,WAS
0022500605,2026-01-18,1610612743,1610612766,1,L,0.6268675354367811,W,0,Denver Nuggets,DEN,Charlotte Hornets,CHA
0022500617,2026-01-20,1610612743,1610612747,1,L,0.6043013433475658,W,0,Denver Nuggets,DEN,Los Angeles Lakers,LAL
0022500629,2026-01-22,1610612743,1610612764,0,W,0.6618049631214583,W,1,Denver Nuggets,DEN,Washington Wizards,WAS
0022500640,2026-01-23,1610612743,1610612749,0,W,0.668275061110981,W,1,Denver Nuggets,DEN,Milwaukee Bucks,MIL
0022500668,2026-01-27,1610612743,1610612765,1,L,0.4996092964240577,L,1,Denver Nuggets,DEN,Detroit Pistons,DET
0022500684,2026-01-29,1610612743,1610612751,1,W,0.8294919330417276,W,1,Denver Nuggets,DEN,Brooklyn Nets,BKN
0022500695,2026-01-30,1610612743,1610612746,1,W,0.5505475930071814,W,1,Denver Nuggets,DEN,Los Angeles Clippers,LAC
0022500711,2026-02-01,1610612743,1610612760,1,L,0.6031823248075768,W,0,Denver Nuggets,DEN,Oklahoma City Thunder,OKC
0022500716,2026-02-03,1610612743,1610612765,0,L,0.34533761241392125,L,1,Denver Nuggets,DEN,Detroit Pistons,DET
0022500726,2026-02-04,1610612743,1610612752,0,L,0.2887632836333296,L,1,Denver Nuggets,DEN,New York Knicks,NYK
0022500752,2026-02-07,1610612743,1610612741,0,W,0.5554247985395218,W,1,Denver Nuggets,DEN,Chicago Bulls,CHI
0022500767,2026-02-09,1610612743,1610612739,1,L,0.38336964882934876,L,1,Denver Nuggets,DEN,Cleveland Cavaliers,CLE
0022500787,2026-02-11,1610612743,1610612763,1,W,0.6718284211249662,W,1,Denver Nuggets,DEN,Memphis Grizzlies,MEM
0022500801,2026-02-19,1610612743,1610612746,0,L,0.4527360408026922,L,1,Denver Nuggets,DEN,Los Angeles Clippers,LAC
0022500810,2026-02-20,1610612743,1610612757,0,W,0.39076665097873803,L,0,Denver Nuggets,DEN,Portland Trail Blazers,POR
0022500820,2026-02-22,1610612743,1610612744,0,L,0.5929131023988193,W,0,Denver Nuggets,DEN,Golden State Warriors,GSW
0022500847,2026-02-25,1610612743,1610612738,1,W,0.3107118610233666,L,0,Denver Nuggets,DEN,Boston Celtics,BOS
0022500862,2026-02-27,1610612743,1610612760,0,L,0.4524240597825801,L,1,Denver Nuggets,DEN,Oklahoma City Thunder,OKC
0022500871,2026-03-01,1610612743,1610612750,1,L,0.541447079383444,W,0,Denver Nuggets,DEN,Minnesota Timberwolves,MIN
0022500881,2026-03-02,1610612743,1610612762,0,W,0.6687749621262478,W,1,Denver Nuggets,DEN,Utah Jazz,UTA
0022500906,2026-03-05,1610612743,1610612747,1,W,0.4637173860848048,L,0,Denver Nuggets,DEN,Los Angeles Lakers,LAL
0022500911,2026-03-06,1610612743,1610612752,1,L,0.45691694915313397,L,1,Denver Nuggets,DEN,New York Knicks,NYK
0022500933,2026-03-09,1610612743,1610612760,0,L,0.2580277452226803,L,1,Denver Nuggets,DEN,Oklahoma City Thunder,OKC
0022500950,2026-03-11,1610612743,1610612745,1,W,0.4757989373699877,L,0,Denver Nuggets,DEN,Houston Rockets,HOU
0022500958,2026-03-12,1610612743,1610612759,0,W,0.20624355462115215,L,0,Denver Nuggets,DEN,San Antonio Spurs,SAS
0022500974,2026-03-14,1610612743,1610612747,0,L,0.36102439071551246,L,1,Denver Nuggets,DEN,Los Angeles Lakers,LAL
0022500997,2026-03-17,1610612743,1610612755,1,W,0.5605642857781522,W,1,Denver Nuggets,DEN,Philadelphia 76ers,PHI
0022500651,2026-03-18,1610612743,1610612763,0,L,0.7255828733687676,W,0,Denver Nuggets,DEN,Memphis Grizzlies,MEM
0022501021,2026-03-20,1610612743,1610612761,1,W,0.5888870917211023,W,1,Denver Nuggets,DEN,Toronto Raptors,TOR
0022501032,2026-03-22,1610612743,1610612757,1,W,0.5567858692075759,W,1,Denver Nuggets,DEN,Portland Trail Blazers,POR
0022501050,2026-03-24,1610612743,1610612756,0,W,0.5083420416819109,W,1,Denver Nuggets,DEN,Phoenix Suns,PHX
0022501059,2026-03-25,1610612743,1610612742,1,W,0.7904220701601509,W,1,Denver Nuggets,DEN,Dallas Mavericks,DAL
0022501072,2026-03-27,1610612743,1610612762,1,W,0.7843886453083494,W,1,Denver Nuggets,DEN,Utah Jazz,UTA
0022501090,2026-03-29,1610612743,1610612744,1,W,0.8017765710234546,W,1,Denver Nuggets,DEN,Golden State Warriors,GSW
0022501112,2026-04-01,1610612743,1610612762,0,W,0.8355651582755202,W,1,Denver Nuggets,DEN,Utah Jazz,UTA
0022501130,2026-04-04,1610612743,1610612759,1,W,0.42178513734775225,L,0,Denver Nuggets,DEN,San Antonio Spurs,SAS
0022501147,2026-04-06,1610612743,1610612757,1,W,0.5263885659331868,W,1,Denver Nuggets,DEN,Portland Trail Blazers,POR
0022501162,2026-04-08,1610612743,1610612763,1,W,0.8847471377810517,W,1,Denver Nuggets,DEN,Memphis Grizzlies,MEM
0022501182,2026-04-10,1610612743,1610612760,1,W,0.5066335151918652,W,1,Denver Nuggets,DEN,Oklahoma City Thunder,OKC
0022501197,2026-04-12,1610612743,1610612759,0,W,0.43716176176080174,L,0,Denver Nuggets,DEN,San Antonio Spurs,SAS
0022500144,2025-11-01,1610612744,1610612754,0,L,0.6931688308068817,W,0,Golden State Warriors,GSW,Indiana Pacers,IND
0022500169,2025-11-04,1610612744,1610612756,1,W,0.5928437496394798,W,1,Golden State Warriors,GSW,Phoenix Suns,PHX
0022500181,2025-11-05,1610612744,1610612758,0,L,0.6165599008070831,W,0,Golden State Warriors,GSW,Sacramento Kings,SAC
0022500037,2025-11-07,1610612744,1610612743,0,L,0.323711951385123,L,1,Golden State Warriors,GSW,Denver Nuggets,DEN
0022500196,2025-11-09,1610612744,1610612754,1,W,0.6309714151001897,W,1,Golden State Warriors,GSW,Indiana Pacers,IND
0022500210,2025-11-11,1610612744,1610612760,0,L,0.2234354259333836,L,1,Golden State Warriors,GSW,Oklahoma City Thunder,OKC
0022500220,2025-11-12,1610612744,1610612759,0,W,0.3067151722179029,L,0,Golden State Warriors,GSW,San Antonio Spurs,SAS
0022500047,2025-11-14,1610612744,1610612759,0,W,0.3823300176908503,L,0,Golden State Warriors,GSW,San Antonio Spurs,SAS
0022500237,2025-11-16,1610612744,1610612740,0,W,0.5802312312818918,W,1,Golden State Warriors,GSW,New Orleans Pelicans,NOP
0022500249,2025-11-18,1610612744,1610612753,0,L,0.37219345531264625,L,1,Golden State Warriors,GSW,Orlando Magic,ORL
0022500257,2025-11-19,1610612744,1610612748,0,L,0.4003703724342638,L,1,Golden State Warriors,GSW,Miami Heat,MIA
0022500056,2025-11-21,1610612744,1610612757,1,L,0.6382867827269443,W,0,Golden State Warriors,GSW,Portland Trail Blazers,POR
0022500291,2025-11-24,1610612744,1610612762,1,W,0.715667452201208,W,1,Golden State Warriors,GSW,Utah Jazz,UTA
0022500066,2025-11-26,1610612744,1610612745,1,L,0.3521614311253366,L,1,Golden State Warriors,GSW,Houston Rockets,HOU
0022500298,2025-11-29,1610612744,1610612740,1,W,0.6553965140793432,W,1,Golden State Warriors,GSW,New Orleans Pelicans,NOP
0022500323,2025-12-02,1610612744,1610612760,1,L,0.31606432085462116,L,1,Golden State Warriors,GSW,Oklahoma City Thunder,OKC
0022500333,2025-12-04,1610612744,1610612755,0,L,0.5341807232031529,W,0,Golden State Warriors,GSW,Philadelphia 76ers,PHI
0022500352,2025-12-06,1610612744,1610612739,0,W,0.4222861235616858,L,0,Golden State Warriors,GSW,Cleveland Cavaliers,CLE
0022500361,2025-12-07,1610612744,1610612741,0,W,0.5670260897030093,W,1,Golden State Warriors,GSW,Chicago Bulls,CHI
0022501215,2025-12-12,1610612744,1610612750,1,L,0.5596126830942586,W,0,Golden State Warriors,GSW,Minnesota Timberwolves,MIN
0022501221,2025-12-14,1610612744,1610612757,0,L,0.5672412100117227,W,0,Golden State Warriors,GSW,Portland Trail Blazers,POR
0022500378,2025-12-18,1610612744,1610612756,0,L,0.5424279338635782,W,0,Golden State Warriors,GSW,Phoenix Suns,PHX
0022500392,2025-12-20,1610612744,1610612756,1,W,0.6321732794957747,W,1,Golden State Warriors,GSW,Phoenix Suns,PHX
0022500407,2025-12-22,1610612744,1610612753,1,W,0.4556576357077321,L,0,Golden State Warriors,GSW,Orlando Magic,ORL
0022500011,2025-12-25,1610612744,1610612742,1,W,0.5274229978693329,W,1,Golden State Warriors,GSW,Dallas Mavericks,DAL
0022500441,2025-12-28,1610612744,1610612761,0,L,0.542319235837927,W,0,Golden State Warriors,GSW,Toronto Raptors,TOR
0022500449,2025-12-29,1610612744,1610612751,0,W,0.2831646844012681,L,0,Golden State Warriors,GSW,Brooklyn Nets,BKN
0022500462,2025-12-31,1610612744,1610612766,0,W,0.5006290795413151,W,1,Golden State Warriors,GSW,Charlotte Hornets,CHA
0022500484,2026-01-02,1610612744,1610612760,1,L,0.5350055536272438,W,0,Golden State Warriors,GSW,Oklahoma City Thunder,OKC
0022500492,2026-01-03,1610612744,1610612762,1,W,0.5563903227911725,W,1,Golden State Warriors,GSW,Utah Jazz,UTA
0022500508,2026-01-05,1610612744,1610612746,0,L,0.3188035254405068,L,1,Golden State Warriors,GSW,Los Angeles Clippers,LAC
0022500526,2026-01-07,1610612744,1610612749,1,W,0.45469629677081397,L,0,Golden State Warriors,GSW,Milwaukee Bucks,MIL
0022500539,2026-01-09,1610612744,1610612758,1,W,0.7319932143651906,W,1,Golden State Warriors,GSW,Sacramento Kings,SAC
0022500556,2026-01-11,1610612744,1610612737,1,L,0.6565904664026708,W,0,Golden State Warriors,GSW,Atlanta Hawks,ATL
0022500570,2026-01-13,1610612744,1610612757,1,W,0.514558116422118,W,1,Golden State Warriors,GSW,Portland Trail Blazers,POR
0022500584,2026-01-15,1610612744,1610612752,1,W,0.6750418752170986,W,1,Golden State Warriors,GSW,New York Knicks,NYK
0022500599,2026-01-17,1610612744,1610612766,1,W,0.5870247753985217,W,1,Golden State Warriors,GSW,Charlotte Hornets,CHA
0022500612,2026-01-19,1610612744,1610612748,1,W,0.709262660249721,W,1,Golden State Warriors,GSW,Miami Heat,MIA
0022500618,2026-01-20,1610612744,1610612761,1,L,0.6547524342883991,W,0,Golden State Warriors,GSW,Toronto Raptors,TOR
0022500630,2026-01-22,1610612744,1610612742,0,L,0.4453540291208783,L,1,Golden State Warriors,GSW,Dallas Mavericks,DAL
0022500644,2026-01-25,1610612744,1610612750,0,W,0.45585738250912067,L,0,Golden State Warriors,GSW,Minnesota Timberwolves,MIN
0022500663,2026-01-26,1610612744,1610612750,0,L,0.6095862127286724,W,0,Golden State Warriors,GSW,Minnesota Timberwolves,MIN
0022500678,2026-01-28,1610612744,1610612762,0,W,0.6550710082515042,W,1,Golden State Warriors,GSW,Utah Jazz,UTA
0022500696,2026-01-30,1610612744,1610612765,1,L,0.4857411277228024,L,1,Golden State Warriors,GSW,Detroit Pistons,DET
0022500724,2026-02-03,1610612744,1610612755,1,L,0.4818634781530489,L,1,Golden State Warriors,GSW,Philadelphia 76ers,PHI
0022500739,2026-02-05,1610612744,1610612756,0,W,0.30304873308177327,L,0,Golden State Warriors,GSW,Phoenix Suns,PHX
0022500753,2026-02-07,1610612744,1610612747,0,L,0.3300484110038457,L,1,Golden State Warriors,GSW,Los Angeles Lakers,LAL
0022500768,2026-02-09,1610612744,1610612763,1,W,0.6251140055851346,W,1,Golden State Warriors,GSW,Memphis Grizzlies,MEM
0022500788,2026-02-11,1610612744,1610612759,1,L,0.3549595304673544,L,1,Golden State Warriors,GSW,San Antonio Spurs,SAS
0022500799,2026-02-19,1610612744,1610612738,1,L,0.29234765839308213,L,1,Golden State Warriors,GSW,Boston Celtics,BOS
0022500820,2026-02-22,1610612744,1610612743,1,W,0.42363005503561624,L,0,Golden State Warriors,GSW,Denver Nuggets,DEN
0022500838,2026-02-24,1610612744,1610612740,0,L,0.36937726941846677,L,1,Golden State Warriors,GSW,New Orleans Pelicans,NOP
0022500844,2026-02-25,1610612744,1610612763,0,W,0.5457623060570809,W,1,Golden State Warriors,GSW,Memphis Grizzlies,MEM
0022500866,2026-02-28,1610612744,1610612747,1,L,0.506034161392128,W,0,Golden State Warriors,GSW,Los Angeles Lakers,LAL
0022500882,2026-03-02,1610612744,1610612746,1,L,0.5012168321392224,W,0,Golden State Warriors,GSW,Los Angeles Clippers,LAC
0022500902,2026-03-05,1610612744,1610612745,0,W,0.2928394200697496,L,0,Golden State Warriors,GSW,Houston Rockets,HOU
0022500920,2026-03-07,1610612744,1610612760,0,L,0.27112569984976037,L,1,Golden State Warriors,GSW,Oklahoma City Thunder,OKC
0022500934,2026-03-09,1610612744,1610612762,0,L,0.5143072286145172,W,0,Golden State Warriors,GSW,Utah Jazz,UTA
0022500943,2026-03-10,1610612744,1610612741,1,L,0.5476190051822958,W,0,Golden State Warriors,GSW,Chicago Bulls,CHI
0022500966,2026-03-13,1610612744,1610612750,1,L,0.5072113994505083,W,0,Golden State Warriors,GSW,Minnesota Timberwolves,MIN
0022500981,2026-03-15,1610612744,1610612752,0,L,0.2933306834408549,L,1,Golden State Warriors,GSW,New York Knicks,NYK
0022500984,2026-03-16,1610612744,1610612764,0,W,0.5969238441428595,W,1,Golden State Warriors,GSW,Washington Wizards,WAS
0022500999,2026-03-18,1610612744,1610612738,0,L,0.2605430948866075,L,1,Golden State Warriors,GSW,Boston Celtics,BOS
0022501017,2026-03-20,1610612744,1610612765,0,L,0.286514491644482,L,1,Golden State Warriors,GSW,Detroit Pistons,DET
0022501026,2026-03-21,1610612744,1610612737,0,L,0.1658912925197591,L,1,Golden State Warriors,GSW,Atlanta Hawks,ATL
0022501044,2026-03-23,1610612744,1610612742,0,W,0.45583694272698416,L,0,Golden State Warriors,GSW,Dallas Mavericks,DAL
0022501060,2026-03-25,1610612744,1610612751,1,W,0.5684732407005704,W,1,Golden State Warriors,GSW,Brooklyn Nets,BKN
0022501073,2026-03-27,1610612744,1610612764,1,W,0.5813773320798307,W,1,Golden State Warriors,GSW,Washington Wizards,WAS
0022501090,2026-03-29,1610612744,1610612743,0,L,0.22260508865523593,L,1,Golden State Warriors,GSW,Denver Nuggets,DEN
0022501113,2026-04-01,1610612744,1610612759,1,L,0.21962246864701868,L,1,Golden State Warriors,GSW,San Antonio Spurs,SAS
0022501117,2026-04-02,1610612744,1610612739,1,L,0.34274194363473764,L,1,Golden State Warriors,GSW,Cleveland Cavaliers,CLE
0022501142,2026-04-05,1610612744,1610612745,1,L,0.2749373266775571,L,1,Golden State Warriors,GSW,Houston Rockets,HOU
0022501154,2026-04-07,1610612744,1610612758,1,W,0.5748437641103047,W,1,Golden State Warriors,GSW,Sacramento Kings,SAC
0022501170,2026-04-09,1610612744,1610612747,1,L,0.4944529247301145,L,1,Golden State Warriors,GSW,Los Angeles Lakers,LAL
0022501184,2026-04-10,1610612744,1610612758,0,L,0.4810926657446067,L,1,Golden State Warriors,GSW,Sacramento Kings,SAC
0022501199,2026-04-12,1610612744,1610612746,0,L,0.362918605467993,L,1,Golden State Warriors,GSW,Los Angeles Clippers,LAC
0022500160,2025-11-03,1610612745,1610612742,1,W,0.7110802788466626,W,1,Houston Rockets,HOU,Dallas Mavericks,DAL
0022500176,2025-11-05,1610612745,1610612763,0,W,0.6646272658177742,W,1,Houston Rockets,HOU,Memphis Grizzlies,MEM
0022500032,2025-11-07,1610612745,1610612759,0,L,0.5571257558936606,W,0,Houston Rockets,HOU,San Antonio Spurs,SAS
0022500191,2025-11-09,1610612745,1610612749,0,W,0.4694748645349713,L,0,Houston Rockets,HOU,Milwaukee Bucks,MIL
0022500218,2025-11-12,1610612745,1610612764,1,W,0.8647030023746264,W,1,Houston Rockets,HOU,Washington Wizards,WAS
0022500042,2025-11-14,1610612745,1610612757,1,W,0.6323490175085561,W,1,Houston Rockets,HOU,Portland Trail Blazers,POR
0022500236,2025-11-16,1610612745,1610612753,1,W,0.6061076392324131,W,1,Houston Rockets,HOU,Orlando Magic,ORL
0022500255,2025-11-19,1610612745,1610612739,0,W,0.5689369011702473,W,1,Houston Rockets,HOU,Cleveland Cavaliers,CLE
0022500054,2025-11-21,1610612745,1610612743,1,L,0.6141185617776793,W,0,Houston Rockets,HOU,Denver Nuggets,DEN
0022500290,2025-11-24,1610612745,1610612756,0,W,0.5275009585255074,W,1,Houston Rockets,HOU,Phoenix Suns,PHX
0022500066,2025-11-26,1610612745,1610612744,0,W,0.6374132019132738,W,1,Houston Rockets,HOU,Golden State Warriors,GSW
0022500301,2025-11-30,1610612745,1610612762,0,W,0.7805257332863885,W,1,Houston Rockets,HOU,Utah Jazz,UTA
0022500316,2025-12-01,1610612745,1610612762,0,L,0.8071436606115541,W,0,Houston Rockets,HOU,Utah Jazz,UTA
0022500330,2025-12-03,1610612745,1610612758,1,W,0.7592792051443088,W,1,Houston Rockets,HOU,Sacramento Kings,SAC
0022500346,2025-12-05,1610612745,1610612756,1,W,0.7035350442561706,W,1,Houston Rockets,HOU,Phoenix Suns,PHX
0022500356,2025-12-06,1610612745,1610612742,0,L,0.6316916305301868,W,0,Houston Rockets,HOU,Dallas Mavericks,DAL
0022501205,2025-12-11,1610612745,1610612746,1,W,0.7159841394641437,W,1,Houston Rockets,HOU,Los Angeles Clippers,LAC
0022501225,2025-12-15,1610612745,1610612743,0,L,0.437394409619463,L,1,Houston Rockets,HOU,Denver Nuggets,DEN
0022500375,2025-12-18,1610612745,1610612740,0,L,0.5745886334246096,W,0,Houston Rockets,HOU,New Orleans Pelicans,NOP
0022500386,2025-12-20,1610612745,1610612743,0,W,0.2916114684340119,L,0,Houston Rockets,HOU,Denver Nuggets,DEN
0022500401,2025-12-21,1610612745,1610612758,0,L,0.6674846659492446,W,0,Houston Rockets,HOU,Sacramento Kings,SAC
0022500422,2025-12-23,1610612745,1610612746,0,L,0.5808450735628886,W,0,Houston Rockets,HOU,Los Angeles Clippers,LAC
0022500012,2025-12-25,1610612745,1610612747,0,W,0.43557678085830087,L,0,Houston Rockets,HOU,Los Angeles Lakers,LAL
0022500438,2025-12-27,1610612745,1610612739,1,W,0.6135435129365361,W,1,Houston Rockets,HOU,Cleveland Cavaliers,CLE
0022500453,2025-12-29,1610612745,1610612754,1,W,0.7472419798441745,W,1,Houston Rockets,HOU,Indiana Pacers,IND
0022500471,2026-01-01,1610612745,1610612751,0,W,0.4533024815820211,L,0,Houston Rockets,HOU,Brooklyn Nets,BKN
0022500491,2026-01-03,1610612745,1610612742,0,L,0.6936601770428492,W,0,Houston Rockets,HOU,Dallas Mavericks,DAL
0022500505,2026-01-05,1610612745,1610612756,1,W,0.5374732002058911,W,1,Houston Rockets,HOU,Phoenix Suns,PHX
0022500527,2026-01-07,1610612745,1610612757,0,L,0.5240738789534267,W,0,Houston Rockets,HOU,Portland Trail Blazers,POR
0022500540,2026-01-09,1610612745,1610612757,0,L,0.49993221468066434,L,1,Houston Rockets,HOU,Portland Trail Blazers,POR
0022500557,2026-01-11,1610612745,1610612758,0,L,0.7198300402704955,W,0,Houston Rockets,HOU,Sacramento Kings,SAC
0022500565,2026-01-13,1610612745,1610612741,1,W,0.5689168430081437,W,1,Houston Rockets,HOU,Chicago Bulls,CHI
0022500581,2026-01-15,1610612745,1610612760,1,L,0.523319035230281,W,0,Houston Rockets,HOU,Oklahoma City Thunder,OKC
0022500591,2026-01-16,1610612745,1610612750,1,W,0.3864988255712236,L,0,Houston Rockets,HOU,Minnesota Timberwolves,MIN
0022500604,2026-01-18,1610612745,1610612740,1,W,0.6267376632119954,W,1,Houston Rockets,HOU,New Orleans Pelicans,NOP
0022500615,2026-01-20,1610612745,1610612759,1,W,0.5385465784203852,W,1,Houston Rockets,HOU,San Antonio Spurs,SAS
0022500628,2026-01-22,1610612745,1610612755,0,L,0.5300004848063748,W,0,Houston Rockets,HOU,Philadelphia 76ers,PHI
0022500635,2026-01-23,1610612745,1610612765,0,W,0.28763261458807143,L,0,Houston Rockets,HOU,Detroit Pistons,DET
0022500662,2026-01-26,1610612745,1610612763,1,W,0.6454567597636203,W,1,Houston Rockets,HOU,Memphis Grizzlies,MEM
0022500679,2026-01-28,1610612745,1610612759,1,L,0.49456278860010605,L,1,Houston Rockets,HOU,San Antonio Spurs,SAS
0022500682,2026-01-29,1610612745,1610612737,0,W,0.4437480796993409,L,0,Houston Rockets,HOU,Atlanta Hawks,ATL
0022500701,2026-01-31,1610612745,1610612742,1,W,0.6207077023260575,W,1,Houston Rockets,HOU,Dallas Mavericks,DAL
0022500713,2026-02-02,1610612745,1610612754,0,W,0.6226444200188428,W,1,Houston Rockets,HOU,Indiana Pacers,IND
0022500728,2026-02-04,1610612745,1610612738,1,L,0.5309226083609085,W,0,Houston Rockets,HOU,Boston Celtics,BOS
0022500737,2026-02-05,1610612745,1610612766,1,L,0.4488972871634903,L,1,Houston Rockets,HOU,Charlotte Hornets,CHA
0022500748,2026-02-07,1610612745,1610612760,0,W,0.4596386815280701,L,0,Houston Rockets,HOU,Oklahoma City Thunder,OKC
0022500772,2026-02-10,1610612745,1610612746,1,W,0.5470098682773556,W,1,Houston Rockets,HOU,Los Angeles Clippers,LAC
0022500782,2026-02-11,1610612745,1610612746,1,L,0.5942184303642877,W,0,Houston Rockets,HOU,Los Angeles Clippers,LAC
0022500792,2026-02-19,1610612745,1610612766,0,W,0.3444655689953048,L,0,Houston Rockets,HOU,Charlotte Hornets,CHA
0022500816,2026-02-21,1610612745,1610612752,0,L,0.3781651547293311,L,1,Houston Rockets,HOU,New York Knicks,NYK
0022500830,2026-02-23,1610612745,1610612762,1,W,0.6974347057883942,W,1,Houston Rockets,HOU,Utah Jazz,UTA
0022500845,2026-02-25,1610612745,1610612758,1,W,0.7926531528721893,W,1,Houston Rockets,HOU,Sacramento Kings,SAC
0022500852,2026-02-26,1610612745,1610612753,0,W,0.4031904181063725,L,0,Houston Rockets,HOU,Orlando Magic,ORL
0022500864,2026-02-28,1610612745,1610612748,0,L,0.5236510900823623,W,0,Houston Rockets,HOU,Miami Heat,MIA
0022500879,2026-03-02,1610612745,1610612764,0,W,0.7060555106938342,W,1,Houston Rockets,HOU,Washington Wizards,WAS
0022500902,2026-03-05,1610612745,1610612744,1,L,0.7246218804026241,W,0,Houston Rockets,HOU,Golden State Warriors,GSW
0022500910,2026-03-06,1610612745,1610612757,1,W,0.6595829511597426,W,1,Houston Rockets,HOU,Portland Trail Blazers,POR
0022500927,2026-03-08,1610612745,1610612759,0,L,0.28130434533968995,L,1,Houston Rockets,HOU,San Antonio Spurs,SAS
0022500940,2026-03-10,1610612745,1610612761,1,W,0.48595000241681346,L,0,Houston Rockets,HOU,Toronto Raptors,TOR
0022500950,2026-03-11,1610612745,1610612743,0,L,0.5840519219238431,W,0,Houston Rockets,HOU,Denver Nuggets,DEN
0022500964,2026-03-13,1610612745,1610612740,1,W,0.44068386641361423,L,0,Houston Rockets,HOU,New Orleans Pelicans,NOP
0022500989,2026-03-16,1610612745,1610612747,1,L,0.4186266264474549,L,1,Houston Rockets,HOU,Los Angeles Lakers,LAL
0022501007,2026-03-18,1610612745,1610612747,1,L,0.3265849256068925,L,1,Houston Rockets,HOU,Los Angeles Lakers,LAL
0022501018,2026-03-20,1610612745,1610612737,1,W,0.2699884358259874,L,0,Houston Rockets,HOU,Atlanta Hawks,ATL
0022501027,2026-03-21,1610612745,1610612748,1,W,0.5145719127460593,W,1,Houston Rockets,HOU,Miami Heat,MIA
0022501042,2026-03-23,1610612745,1610612741,0,L,0.5681068369372257,W,0,Houston Rockets,HOU,Chicago Bulls,CHI
0022501058,2026-03-25,1610612745,1610612750,0,L,0.3959352265786382,L,1,Houston Rockets,HOU,Minnesota Timberwolves,MIN
0022501069,2026-03-27,1610612745,1610612763,0,W,0.653552779348318,W,1,Houston Rockets,HOU,Memphis Grizzlies,MEM
0022501088,2026-03-29,1610612745,1610612740,0,W,0.5057340584979787,W,1,Houston Rockets,HOU,New Orleans Pelicans,NOP
0022501102,2026-03-31,1610612745,1610612752,1,W,0.4881122756337878,L,0,Houston Rockets,HOU,New York Knicks,NYK
0022501110,2026-04-01,1610612745,1610612749,1,W,0.7846436518196895,W,1,Houston Rockets,HOU,Milwaukee Bucks,MIL
0022501124,2026-04-03,1610612745,1610612762,1,W,0.8418849710772766,W,1,Houston Rockets,HOU,Utah Jazz,UTA
0022501142,2026-04-05,1610612745,1610612744,0,W,0.7597622802246533,W,1,Houston Rockets,HOU,Golden State Warriors,GSW
0022501157,2026-04-07,1610612745,1610612756,0,W,0.7293605475956564,W,1,Houston Rockets,HOU,Phoenix Suns,PHX
0022501169,2026-04-09,1610612745,1610612755,1,W,0.7042540454856289,W,1,Houston Rockets,HOU,Philadelphia 76ers,PHI
0022501178,2026-04-10,1610612745,1610612750,1,L,0.773295717574679,W,0,Houston Rockets,HOU,Minnesota Timberwolves,MIN
0022501194,2026-04-12,1610612745,1610612763,1,W,0.9005977732401178,W,1,Houston Rockets,HOU,Memphis Grizzlies,MEM
0022500164,2025-11-03,1610612746,1610612748,1,L,0.5810247477249579,W,0,Los Angeles Clippers,LAC,Miami Heat,MIA
0022500170,2025-11-04,1610612746,1610612760,1,L,0.2763988931140849,L,1,Los Angeles Clippers,LAC,Oklahoma City Thunder,OKC
0022500182,2025-11-06,1610612746,1610612756,0,L,0.4177478089569092,L,1,Los Angeles Clippers,LAC,Phoenix Suns,PHX
0022500190,2025-11-08,1610612746,1610612756,1,L,0.4350148154078338,L,1,Los Angeles Clippers,LAC,Phoenix Suns,PHX
0022500206,2025-11-10,1610612746,1610612737,1,L,0.3888462913855616,L,1,Los Angeles Clippers,LAC,Atlanta Hawks,ATL
0022500224,2025-11-12,1610612746,1610612743,1,L,0.27010280342623694,L,1,Los Angeles Clippers,LAC,Denver Nuggets,DEN
0022500046,2025-11-14,1610612746,1610612742,0,W,0.4228605720851623,L,0,Los Angeles Clippers,LAC,Dallas Mavericks,DAL
0022500233,2025-11-16,1610612746,1610612738,0,L,0.2324536034079038,L,1,Los Angeles Clippers,LAC,Boston Celtics,BOS
0022500243,2025-11-17,1610612746,1610612755,0,L,0.3362487066106449,L,1,Los Angeles Clippers,LAC,Philadelphia 76ers,PHI
0022500264,2025-11-20,1610612746,1610612753,0,L,0.2734361827471467,L,1,Los Angeles Clippers,LAC,Orlando Magic,ORL
0022500268,2025-11-22,1610612746,1610612766,0,W,0.37788941633010353,L,0,Los Angeles Clippers,LAC,Charlotte Hornets,CHA
0022500278,2025-11-23,1610612746,1610612739,0,L,0.2554304140624029,L,1,Los Angeles Clippers,LAC,Cleveland Cavaliers,CLE
0022500059,2025-11-25,1610612746,1610612747,0,L,0.22471046448596674,L,1,Los Angeles Clippers,LAC,Los Angeles Lakers,LAL
0022500079,2025-11-28,1610612746,1610612763,1,L,0.3643943011269098,L,1,Los Angeles Clippers,LAC,Memphis Grizzlies,MEM
0022500300,2025-11-29,1610612746,1610612742,1,L,0.4994746971551676,L,1,Los Angeles Clippers,LAC,Dallas Mavericks,DAL
0022500313,2025-12-01,1610612746,1610612748,0,L,0.21359537410189933,L,1,Los Angeles Clippers,LAC,Miami Heat,MIA
0022500327,2025-12-03,1610612746,1610612737,0,W,0.30178532049210866,L,0,Los Angeles Clippers,LAC,Atlanta Hawks,ATL
0022500347,2025-12-05,1610612746,1610612763,0,L,0.3190990940249192,L,1,Los Angeles Clippers,LAC,Memphis Grizzlies,MEM
0022500355,2025-12-06,1610612746,1610612750,0,L,0.3282022784655139,L,1,Los Angeles Clippers,LAC,Minnesota Timberwolves,MIN
0022501205,2025-12-11,1610612746,1610612745,0,L,0.2685230648178601,L,1,Los Angeles Clippers,LAC,Houston Rockets,HOU
0022501226,2025-12-15,1610612746,1610612763,1,L,0.37777755029948307,L,1,Los Angeles Clippers,LAC,Memphis Grizzlies,MEM
0022500369,2025-12-18,1610612746,1610612760,0,L,0.13503875731048673,L,1,Los Angeles Clippers,LAC,Oklahoma City Thunder,OKC
0022500395,2025-12-20,1610612746,1610612747,1,W,0.27132087181114267,L,0,Los Angeles Clippers,LAC,Los Angeles Lakers,LAL
0022500422,2025-12-23,1610612746,1610612745,1,W,0.3934813071440714,L,0,Los Angeles Clippers,LAC,Houston Rockets,HOU
0022500431,2025-12-26,1610612746,1610612757,0,W,0.4449971572995594,L,0,Los Angeles Clippers,LAC,Portland Trail Blazers,POR
0022500445,2025-12-28,1610612746,1610612765,1,W,0.384535111593447,L,0,Los Angeles Clippers,LAC,Detroit Pistons,DET
0022500461,2025-12-30,1610612746,1610612758,1,W,0.6758157922363248,W,1,Los Angeles Clippers,LAC,Sacramento Kings,SAC
0022500475,2026-01-01,1610612746,1610612762,1,W,0.792203020681746,W,1,Los Angeles Clippers,LAC,Utah Jazz,UTA
0022500493,2026-01-03,1610612746,1610612738,1,L,0.6243222992689319,W,0,Los Angeles Clippers,LAC,Boston Celtics,BOS
0022500508,2026-01-05,1610612746,1610612744,1,W,0.7174924350304525,W,1,Los Angeles Clippers,LAC,Golden State Warriors,GSW
0022500522,2026-01-07,1610612746,1610612752,0,L,0.6723089134887446,W,0,Los Angeles Clippers,LAC,New York Knicks,NYK
0022500535,2026-01-09,1610612746,1610612751,0,W,0.6096339776750906,W,1,Los Angeles Clippers,LAC,Brooklyn Nets,BKN
0022500544,2026-01-10,1610612746,1610612765,0,W,0.4185247452999246,L,0,Los Angeles Clippers,LAC,Detroit Pistons,DET
0022500563,2026-01-12,1610612746,1610612766,1,W,0.508679544567086,W,1,Los Angeles Clippers,LAC,Charlotte Hornets,CHA
0022500577,2026-01-14,1610612746,1610612764,1,W,0.7597766397960758,W,1,Los Angeles Clippers,LAC,Washington Wizards,WAS
0022500590,2026-01-16,1610612746,1610612761,0,W,0.48275978159703425,L,0,Los Angeles Clippers,LAC,Toronto Raptors,TOR
0022500608,2026-01-19,1610612746,1610612764,0,W,0.7485747556670937,W,1,Los Angeles Clippers,LAC,Washington Wizards,WAS
0022500614,2026-01-20,1610612746,1610612741,0,L,0.4844798614464045,L,1,Los Angeles Clippers,LAC,Chicago Bulls,CHI
0022500633,2026-01-22,1610612746,1610612747,1,W,0.5481979993073995,W,1,Los Angeles Clippers,LAC,Los Angeles Lakers,LAL
0022500656,2026-01-25,1610612746,1610612751,1,W,0.816798703036318,W,1,Los Angeles Clippers,LAC,Brooklyn Nets,BKN
0022500670,2026-01-27,1610612746,1610612762,0,W,0.7232916371726008,W,1,Los Angeles Clippers,LAC,Utah Jazz,UTA
0022500695,2026-01-30,1610612746,1610612743,0,L,0.458924657742415,L,1,Los Angeles Clippers,LAC,Denver Nuggets,DEN
0022500709,2026-02-01,1610612746,1610612756,0,W,0.4934243347702731,L,0,Los Angeles Clippers,LAC,Phoenix Suns,PHX
0022500715,2026-02-02,1610612746,1610612755,1,L,0.7277043297314165,W,0,Los Angeles Clippers,LAC,Philadelphia 76ers,PHI
0022500732,2026-02-04,1610612746,1610612739,1,L,0.5306356201518723,W,0,Los Angeles Clippers,LAC,Cleveland Cavaliers,CLE
0022500746,2026-02-06,1610612746,1610612758,0,W,0.6837978887764771,W,1,Los Angeles Clippers,LAC,Sacramento Kings,SAC
0022500760,2026-02-08,1610612746,1610612750,0,W,0.46856071004767724,L,0,Los Angeles Clippers,LAC,Minnesota Timberwolves,MIN
0022500772,2026-02-10,1610612746,1610612745,0,L,0.43707782790225375,L,1,Los Angeles Clippers,LAC,Houston Rockets,HOU
0022500782,2026-02-11,1610612746,1610612745,0,W,0.4105043062700925,L,0,Los Angeles Clippers,LAC,Houston Rockets,HOU
0022500801,2026-02-19,1610612746,1610612743,1,W,0.5701785538340807,W,1,Los Angeles Clippers,LAC,Denver Nuggets,DEN
0022500809,2026-02-20,1610612746,1610612747,0,L,0.4582197608950761,L,1,Los Angeles Clippers,LAC,Los Angeles Lakers,LAL
0022500827,2026-02-22,1610612746,1610612753,1,L,0.5407515200886082,W,0,Los Angeles Clippers,LAC,Orlando Magic,ORL
0022500857,2026-02-26,1610612746,1610612750,1,L,0.5883286982197011,W,0,Los Angeles Clippers,LAC,Minnesota Timberwolves,MIN
0022500877,2026-03-01,1610612746,1610612740,1,W,0.5236989876050295,W,1,Los Angeles Clippers,LAC,New Orleans Pelicans,NOP
0022500882,2026-03-02,1610612746,1610612744,0,W,0.47123772926348023,L,0,Los Angeles Clippers,LAC,Golden State Warriors,GSW
0022500898,2026-03-04,1610612746,1610612754,1,W,0.8191938379128858,W,1,Los Angeles Clippers,LAC,Indiana Pacers,IND
0022500913,2026-03-06,1610612746,1610612759,0,L,0.3318693360824575,L,1,Los Angeles Clippers,LAC,San Antonio Spurs,SAS
0022500918,2026-03-07,1610612746,1610612763,0,W,0.6306598771433288,W,1,Los Angeles Clippers,LAC,Memphis Grizzlies,MEM
0022500935,2026-03-09,1610612746,1610612752,1,W,0.5310271862859781,W,1,Los Angeles Clippers,LAC,New York Knicks,NYK
0022500952,2026-03-11,1610612746,1610612750,1,W,0.5298175743626653,W,1,Los Angeles Clippers,LAC,Minnesota Timberwolves,MIN
0022500968,2026-03-13,1610612746,1610612741,1,W,0.6806698740619657,W,1,Los Angeles Clippers,LAC,Chicago Bulls,CHI
0022500975,2026-03-14,1610612746,1610612758,1,L,0.6409206987036067,W,0,Los Angeles Clippers,LAC,Sacramento Kings,SAC
0022500990,2026-03-16,1610612746,1610612759,1,L,0.489634837761848,L,1,Los Angeles Clippers,LAC,San Antonio Spurs,SAS
0022501005,2026-03-18,1610612746,1610612740,0,L,0.44146250651074054,L,1,Los Angeles Clippers,LAC,New Orleans Pelicans,NOP
0022501012,2026-03-19,1610612746,1610612740,0,L,0.38835428261869703,L,1,Los Angeles Clippers,LAC,New Orleans Pelicans,NOP
0022501029,2026-03-21,1610612746,1610612742,0,W,0.5773492202711131,W,1,Los Angeles Clippers,LAC,Dallas Mavericks,DAL
0022501046,2026-03-23,1610612746,1610612749,1,W,0.6223878929172181,W,1,Los Angeles Clippers,LAC,Milwaukee Bucks,MIL
0022501062,2026-03-25,1610612746,1610612761,1,W,0.5964042328887157,W,1,Los Angeles Clippers,LAC,Toronto Raptors,TOR
0022501066,2026-03-27,1610612746,1610612754,0,W,0.7039108474242736,W,1,Los Angeles Clippers,LAC,Indiana Pacers,IND
0022501082,2026-03-29,1610612746,1610612749,0,W,0.8239677793406034,W,1,Los Angeles Clippers,LAC,Milwaukee Bucks,MIL
0022501104,2026-03-31,1610612746,1610612757,1,L,0.5294368826403255,W,0,Los Angeles Clippers,LAC,Portland Trail Blazers,POR
0022501119,2026-04-02,1610612746,1610612759,1,L,0.3804022781910513,L,1,Los Angeles Clippers,LAC,San Antonio Spurs,SAS
0022501141,2026-04-05,1610612746,1610612758,0,W,0.5468798442687515,W,1,Los Angeles Clippers,LAC,Sacramento Kings,SAC
0022501156,2026-04-07,1610612746,1610612742,1,W,0.7285786841226851,W,1,Los Angeles Clippers,LAC,Dallas Mavericks,DAL
0022501163,2026-04-08,1610612746,1610612760,1,L,0.3787561318725815,L,1,Los Angeles Clippers,LAC,Oklahoma City Thunder,OKC
0022501183,2026-04-10,1610612746,1610612757,0,L,0.4518154055415968,L,1,Los Angeles Clippers,LAC,Portland Trail Blazers,POR
0022501199,2026-04-12,1610612746,1610612744,1,W,0.6422252916021594,W,1,Los Angeles Clippers,LAC,Golden State Warriors,GSW
0022500024,2025-10-31,1610612747,1610612763,0,W,0.45841307427148026,L,0,Los Angeles Lakers,LAL,Memphis Grizzlies,MEM
0022500155,2025-11-02,1610612747,1610612748,1,W,0.5326172794892053,W,1,Los Angeles Lakers,LAL,Miami Heat,MIA
0022500163,2025-11-03,1610612747,1610612757,0,W,0.4557397319721103,L,0,Los Angeles Lakers,LAL,Portland Trail Blazers,POR
0022500179,2025-11-05,1610612747,1610612759,1,W,0.4466872229876402,L,0,Los Angeles Lakers,LAL,San Antonio Spurs,SAS
0022500185,2025-11-08,1610612747,1610612737,0,L,0.5715179219006634,W,0,Los Angeles Lakers,LAL,Atlanta Hawks,ATL
0022500198,2025-11-10,1610612747,1610612766,0,W,0.57173381138717,W,1,Los Angeles Lakers,LAL,Charlotte Hornets,CHA
0022500222,2025-11-12,1610612747,1610612760,0,L,0.3371412021769902,L,1,Los Angeles Lakers,LAL,Oklahoma City Thunder,OKC
0022500045,2025-11-14,1610612747,1610612740,0,W,0.5853958324576113,W,1,Los Angeles Lakers,LAL,New Orleans Pelicans,NOP
0022500231,2025-11-15,1610612747,1610612749,0,W,0.4076547496058726,L,0,Los Angeles Lakers,LAL,Milwaukee Bucks,MIL
0022500253,2025-11-18,1610612747,1610612762,1,W,0.7424353506709306,W,1,Los Angeles Lakers,LAL,Utah Jazz,UTA
0022500282,2025-11-23,1610612747,1610612762,0,W,0.7271379487102545,W,1,Los Angeles Lakers,LAL,Utah Jazz,UTA
0022500059,2025-11-25,1610612747,1610612746,1,W,0.7500476982268031,W,1,Los Angeles Lakers,LAL,Los Angeles Clippers,LAC
0022500078,2025-11-28,1610612747,1610612742,1,W,0.7714342090267113,W,1,Los Angeles Lakers,LAL,Dallas Mavericks,DAL
0022500308,2025-11-30,1610612747,1610612740,1,W,0.8132881795704503,W,1,Los Angeles Lakers,LAL,New Orleans Pelicans,NOP
0022500317,2025-12-01,1610612747,1610612756,1,L,0.6616078399602959,W,0,Los Angeles Lakers,LAL,Phoenix Suns,PHX
0022500336,2025-12-04,1610612747,1610612761,0,W,0.48753406861010945,L,0,Los Angeles Lakers,LAL,Toronto Raptors,TOR
0022500338,2025-12-05,1610612747,1610612738,0,L,0.40674840666252415,L,1,Los Angeles Lakers,LAL,Boston Celtics,BOS
0022500362,2025-12-07,1610612747,1610612755,0,W,0.4594120468447005,L,0,Los Angeles Lakers,LAL,Philadelphia 76ers,PHI
0022501204,2025-12-10,1610612747,1610612759,1,L,0.6142656932539544,W,0,Los Angeles Lakers,LAL,San Antonio Spurs,SAS
0022501228,2025-12-14,1610612747,1610612756,0,W,0.5589335393617131,W,1,Los Angeles Lakers,LAL,Phoenix Suns,PHX
0022500379,2025-12-18,1610612747,1610612762,0,W,0.5531991283919103,W,1,Los Angeles Lakers,LAL,Utah Jazz,UTA
0022500395,2025-12-20,1610612747,1610612746,0,L,0.6904197433753182,W,0,Los Angeles Lakers,LAL,Los Angeles Clippers,LAC
0022500418,2025-12-23,1610612747,1610612756,0,L,0.6180930735637146,W,0,Los Angeles Lakers,LAL,Phoenix Suns,PHX
0022500012,2025-12-25,1610612747,1610612745,1,L,0.5419241324793602,W,0,Los Angeles Lakers,LAL,Houston Rockets,HOU
0022500446,2025-12-28,1610612747,1610612758,1,W,0.5591146447309452,W,1,Los Angeles Lakers,LAL,Sacramento Kings,SAC
0022500460,2025-12-30,1610612747,1610612765,1,L,0.43438500569659244,L,1,Los Angeles Lakers,LAL,Detroit Pistons,DET
0022500485,2026-01-02,1610612747,1610612763,1,W,0.48010427119074134,L,0,Los Angeles Lakers,LAL,Memphis Grizzlies,MEM
0022500501,2026-01-04,1610612747,1610612763,1,W,0.5391271880879924,W,1,Los Angeles Lakers,LAL,Memphis Grizzlies,MEM
0022500514,2026-01-06,1610612747,1610612740,0,W,0.5799622996651781,W,1,Los Angeles Lakers,LAL,New Orleans Pelicans,NOP
0022500523,2026-01-07,1610612747,1610612759,0,L,0.4324020887856849,L,1,Los Angeles Lakers,LAL,San Antonio Spurs,SAS
0022500541,2026-01-09,1610612747,1610612749,1,L,0.48672972606466347,L,1,Los Angeles Lakers,LAL,Milwaukee Bucks,MIL
0022500562,2026-01-12,1610612747,1610612758,0,L,0.5981606358442706,W,0,Los Angeles Lakers,LAL,Sacramento Kings,SAC
0022500569,2026-01-13,1610612747,1610612737,1,W,0.5107436610135162,W,1,Los Angeles Lakers,LAL,Atlanta Hawks,ATL
0022500586,2026-01-15,1610612747,1610612766,1,L,0.5001630613036747,W,0,Los Angeles Lakers,LAL,Charlotte Hornets,CHA
0022500601,2026-01-17,1610612747,1610612757,0,L,0.39156575676133537,L,1,Los Angeles Lakers,LAL,Portland Trail Blazers,POR
0022500607,2026-01-18,1610612747,1610612761,1,W,0.46029459813471224,L,0,Los Angeles Lakers,LAL,Toronto Raptors,TOR
0022500617,2026-01-20,1610612747,1610612743,0,W,0.35810984885972924,L,0,Los Angeles Lakers,LAL,Denver Nuggets,DEN
0022500633,2026-01-22,1610612747,1610612746,0,L,0.41961359829631556,L,1,Los Angeles Lakers,LAL,Los Angeles Clippers,LAC
0022500648,2026-01-24,1610612747,1610612742,0,W,0.3167609425526823,L,0,Los Angeles Lakers,LAL,Dallas Mavericks,DAL
0022500661,2026-01-26,1610612747,1610612741,0,W,0.34286154461448914,L,0,Los Angeles Lakers,LAL,Chicago Bulls,CHI
0022500671,2026-01-28,1610612747,1610612739,0,L,0.40482362030164176,L,1,Los Angeles Lakers,LAL,Cleveland Cavaliers,CLE
0022500688,2026-01-30,1610612747,1610612764,0,W,0.6119013905355586,W,1,Los Angeles Lakers,LAL,Washington Wizards,WAS
0022500708,2026-02-01,1610612747,1610612752,0,L,0.3013277086040741,L,1,Los Angeles Lakers,LAL,New York Knicks,NYK
0022500719,2026-02-03,1610612747,1610612751,0,W,0.6465772983884134,W,1,Los Angeles Lakers,LAL,Brooklyn Nets,BKN
0022500740,2026-02-05,1610612747,1610612755,1,W,0.44251662451547824,L,0,Los Angeles Lakers,LAL,Philadelphia 76ers,PHI
0022500753,2026-02-07,1610612747,1610612744,1,W,0.6634005464683872,W,1,Los Angeles Lakers,LAL,Golden State Warriors,GSW
0022500769,2026-02-09,1610612747,1610612760,1,L,0.6459670009495014,W,0,Los Angeles Lakers,LAL,Oklahoma City Thunder,OKC
0022500774,2026-02-10,1610612747,1610612759,1,L,0.4053080610678546,L,1,Los Angeles Lakers,LAL,San Antonio Spurs,SAS
0022500791,2026-02-12,1610612747,1610612742,1,W,0.6659173249912723,W,1,Los Angeles Lakers,LAL,Dallas Mavericks,DAL
0022500809,2026-02-20,1610612747,1610612746,1,W,0.5449888862943875,W,1,Los Angeles Lakers,LAL,Los Angeles Clippers,LAC
0022500823,2026-02-22,1610612747,1610612738,1,L,0.3746397092582392,L,1,Los Angeles Lakers,LAL,Boston Celtics,BOS
0022500840,2026-02-24,1610612747,1610612753,1,L,0.44231118817723836,L,1,Los Angeles Lakers,LAL,Orlando Magic,ORL
0022500855,2026-02-26,1610612747,1610612756,0,L,0.5268435852656739,W,0,Los Angeles Lakers,LAL,Phoenix Suns,PHX
0022500866,2026-02-28,1610612747,1610612744,0,W,0.5315141044183909,W,1,Los Angeles Lakers,LAL,Golden State Warriors,GSW
0022500878,2026-03-01,1610612747,1610612758,1,W,0.6919388756731195,W,1,Los Angeles Lakers,LAL,Sacramento Kings,SAC
0022500891,2026-03-03,1610612747,1610612740,1,W,0.5562417583237117,W,1,Los Angeles Lakers,LAL,New Orleans Pelicans,NOP
0022500906,2026-03-05,1610612747,1610612743,0,L,0.540356549170505,W,0,Los Angeles Lakers,LAL,Denver Nuggets,DEN
0022500914,2026-03-06,1610612747,1610612754,1,W,0.8106549809225246,W,1,Los Angeles Lakers,LAL,Indiana Pacers,IND
0022500922,2026-03-08,1610612747,1610612752,1,W,0.4287948340691939,L,0,Los Angeles Lakers,LAL,New York Knicks,NYK
0022500946,2026-03-10,1610612747,1610612750,1,W,0.48381912755194245,L,0,Los Angeles Lakers,LAL,Minnesota Timberwolves,MIN
0022500960,2026-03-12,1610612747,1610612741,1,W,0.6985168908557168,W,1,Los Angeles Lakers,LAL,Chicago Bulls,CHI
0022500974,2026-03-14,1610612747,1610612743,1,W,0.6690353523945578,W,1,Los Angeles Lakers,LAL,Denver Nuggets,DEN
0022500989,2026-03-16,1610612747,1610612745,0,W,0.6157452727979946,W,1,Los Angeles Lakers,LAL,Houston Rockets,HOU
0022501007,2026-03-18,1610612747,1610612745,0,W,0.7012202263820436,W,1,Los Angeles Lakers,LAL,Houston Rockets,HOU
0022501010,2026-03-19,1610612747,1610612748,0,W,0.5887416144741953,W,1,Los Angeles Lakers,LAL,Miami Heat,MIA
0022501024,2026-03-21,1610612747,1610612753,0,W,0.6045504546103083,W,1,Los Angeles Lakers,LAL,Orlando Magic,ORL
0022501038,2026-03-23,1610612747,1610612765,0,L,0.4951454225074834,L,1,Los Angeles Lakers,LAL,Detroit Pistons,DET
0022501052,2026-03-25,1610612747,1610612754,0,W,0.7851815304050587,W,1,Los Angeles Lakers,LAL,Indiana Pacers,IND
0022501075,2026-03-27,1610612747,1610612751,1,W,0.8487906913814921,W,1,Los Angeles Lakers,LAL,Brooklyn Nets,BKN
0022501098,2026-03-30,1610612747,1610612764,1,W,0.8702072783003019,W,1,Los Angeles Lakers,LAL,Washington Wizards,WAS
0022501103,2026-03-31,1610612747,1610612739,1,W,0.5997508678924862,W,1,Los Angeles Lakers,LAL,Cleveland Cavaliers,CLE
0022501116,2026-04-02,1610612747,1610612760,0,L,0.4624169199465834,L,1,Los Angeles Lakers,LAL,Oklahoma City Thunder,OKC
0022501140,2026-04-05,1610612747,1610612742,0,L,0.719112473772207,W,0,Los Angeles Lakers,LAL,Dallas Mavericks,DAL
0022501155,2026-04-07,1610612747,1610612760,1,L,0.38131332687800235,L,1,Los Angeles Lakers,LAL,Oklahoma City Thunder,OKC
0022501170,2026-04-09,1610612747,1610612744,0,W,0.49985181426134956,L,0,Los Angeles Lakers,LAL,Golden State Warriors,GSW
0022501185,2026-04-10,1610612747,1610612756,1,W,0.521023254887589,W,1,Los Angeles Lakers,LAL,Phoenix Suns,PHX
0022501198,2026-04-12,1610612747,1610612762,1,W,0.730142060341541,W,1,Los Angeles Lakers,LAL,Utah Jazz,UTA
0022500155,2025-11-02,1610612748,1610612747,0,L,0.4674587524384681,L,1,Miami Heat,MIA,Los Angeles Lakers,LAL
0022500164,2025-11-03,1610612748,1610612746,0,W,0.43024944320277225,L,0,Miami Heat,MIA,Los Angeles Clippers,LAC
0022500178,2025-11-05,1610612748,1610612743,0,L,0.36884464704477077,L,1,Miami Heat,MIA,Denver Nuggets,DEN
0022500033,2025-11-07,1610612748,1610612766,1,W,0.6355569307834298,W,1,Miami Heat,MIA,Charlotte Hornets,CHA
0022500187,2025-11-08,1610612748,1610612757,1,W,0.4933508651526028,L,0,Miami Heat,MIA,Portland Trail Blazers,POR
0022500201,2025-11-10,1610612748,1610612739,1,W,0.42777678182124707,L,0,Miami Heat,MIA,Cleveland Cavaliers,CLE
0022500217,2025-11-12,1610612748,1610612739,1,L,0.4825019701850739,L,1,Miami Heat,MIA,Cleveland Cavaliers,CLE
0022500039,2025-11-14,1610612748,1610612752,0,L,0.3231900284064971,L,1,Miami Heat,MIA,New York Knicks,NYK
0022500244,2025-11-17,1610612748,1610612752,1,W,0.4079815379306981,L,0,Miami Heat,MIA,New York Knicks,NYK
0022500257,2025-11-19,1610612748,1610612744,1,W,0.5497174169625251,W,1,Miami Heat,MIA,Golden State Warriors,GSW
0022500051,2025-11-21,1610612748,1610612741,0,W,0.5484750645856199,W,1,Miami Heat,MIA,Chicago Bulls,CHI
0022500275,2025-11-23,1610612748,1610612755,0,W,0.5271579920146711,W,1,Miami Heat,MIA,Philadelphia 76ers,PHI
0022500286,2025-11-24,1610612748,1610612742,1,W,0.7304798404040438,W,1,Miami Heat,MIA,Dallas Mavericks,DAL
0022500062,2025-11-26,1610612748,1610612749,1,W,0.8197566456645954,W,1,Miami Heat,MIA,Milwaukee Bucks,MIL
0022500296,2025-11-29,1610612748,1610612765,1,L,0.6667845573192042,W,0,Miami Heat,MIA,Detroit Pistons,DET
0022500313,2025-12-01,1610612748,1610612746,1,W,0.7624757590737957,W,1,Miami Heat,MIA,Los Angeles Clippers,LAC
0022500332,2025-12-03,1610612748,1610612742,0,L,0.5692930312069633,W,0,Miami Heat,MIA,Dallas Mavericks,DAL
0022500339,2025-12-05,1610612748,1610612753,0,L,0.4220768022673482,L,1,Miami Heat,MIA,Orlando Magic,ORL
0022500354,2025-12-06,1610612748,1610612758,1,L,0.7131173410478568,W,0,Miami Heat,MIA,Sacramento Kings,SAC
0022501201,2025-12-09,1610612748,1610612753,0,L,0.38328482648248247,L,1,Miami Heat,MIA,Orlando Magic,ORL
0022501227,2025-12-15,1610612748,1610612761,1,L,0.6819504930657453,W,0,Miami Heat,MIA,Toronto Raptors,TOR
0022500373,2025-12-18,1610612748,1610612751,0,W,0.384826283659201,L,0,Miami Heat,MIA,Brooklyn Nets,BKN
0022500381,2025-12-19,1610612748,1610612738,0,L,0.2662040302953482,L,1,Miami Heat,MIA,Boston Celtics,BOS
0022500398,2025-12-21,1610612748,1610612752,0,L,0.23880269655956846,L,1,Miami Heat,MIA,New York Knicks,NYK
0022500414,2025-12-23,1610612748,1610612761,1,L,0.5059071285736059,W,0,Miami Heat,MIA,Toronto Raptors,TOR
0022500423,2025-12-26,1610612748,1610612737,0,W,0.507328815389335,W,1,Miami Heat,MIA,Atlanta Hawks,ATL
0022500436,2025-12-27,1610612748,1610612754,1,W,0.5770442625902326,W,1,Miami Heat,MIA,Indiana Pacers,IND
0022500450,2025-12-29,1610612748,1610612743,1,W,0.4234272096346537,L,0,Miami Heat,MIA,Denver Nuggets,DEN
0022500472,2026-01-01,1610612748,1610612765,0,W,0.3739967467406654,L,0,Miami Heat,MIA,Detroit Pistons,DET
0022500486,2026-01-03,1610612748,1610612750,1,L,0.5052631683938767,W,0,Miami Heat,MIA,Minnesota Timberwolves,MIN
0022500497,2026-01-04,1610612748,1610612740,1,W,0.6377667960596306,W,1,Miami Heat,MIA,New Orleans Pelicans,NOP
0022500513,2026-01-06,1610612748,1610612750,0,L,0.4401561089564729,L,1,Miami Heat,MIA,Minnesota Timberwolves,MIN
0022500543,2026-01-10,1610612748,1610612754,0,L,0.5937362455842063,W,0,Miami Heat,MIA,Indiana Pacers,IND
0022500553,2026-01-11,1610612748,1610612760,0,L,0.2863612556042628,L,1,Miami Heat,MIA,Oklahoma City Thunder,OKC
0022500564,2026-01-13,1610612748,1610612756,1,W,0.2677610620948353,L,0,Miami Heat,MIA,Phoenix Suns,PHX
0022500580,2026-01-15,1610612748,1610612738,1,L,0.3538145324713025,L,1,Miami Heat,MIA,Boston Celtics,BOS
0022500597,2026-01-17,1610612748,1610612760,1,W,0.3087124294421142,L,0,Miami Heat,MIA,Oklahoma City Thunder,OKC
0022500612,2026-01-19,1610612748,1610612744,0,L,0.28264722804374737,L,1,Miami Heat,MIA,Golden State Warriors,GSW
0022500619,2026-01-20,1610612748,1610612758,0,W,0.3105603158811317,L,0,Miami Heat,MIA,Sacramento Kings,SAC
0022500634,2026-01-22,1610612748,1610612757,0,L,0.29959607656159487,L,1,Miami Heat,MIA,Portland Trail Blazers,POR
0022500649,2026-01-24,1610612748,1610612762,0,W,0.5532810030456128,W,1,Miami Heat,MIA,Utah Jazz,UTA
0022500655,2026-01-25,1610612748,1610612756,0,W,0.3390634742675173,L,0,Miami Heat,MIA,Phoenix Suns,PHX
0022500674,2026-01-28,1610612748,1610612753,1,L,0.6728478009518974,W,0,Miami Heat,MIA,Orlando Magic,ORL
0022500529,2026-01-29,1610612748,1610612741,0,W,0.39358070155259955,L,0,Miami Heat,MIA,Chicago Bulls,CHI
0022500692,2026-01-31,1610612748,1610612741,1,L,0.5971912178301727,W,0,Miami Heat,MIA,Chicago Bulls,CHI
0022500705,2026-02-01,1610612748,1610612741,1,W,0.5281268810294036,W,1,Miami Heat,MIA,Chicago Bulls,CHI
0022500720,2026-02-03,1610612748,1610612737,1,L,0.6188800466250277,W,0,Miami Heat,MIA,Atlanta Hawks,ATL
0022500741,2026-02-06,1610612748,1610612738,0,L,0.27091883105173,L,1,Miami Heat,MIA,Boston Celtics,BOS
0022500758,2026-02-08,1610612748,1610612764,0,W,0.6366654321237687,W,1,Miami Heat,MIA,Washington Wizards,WAS
0022500763,2026-02-09,1610612748,1610612762,1,L,0.7084062573491006,W,0,Miami Heat,MIA,Utah Jazz,UTA
0022500784,2026-02-11,1610612748,1610612740,0,W,0.4955499795637653,L,0,Miami Heat,MIA,New Orleans Pelicans,NOP
0022500805,2026-02-20,1610612748,1610612737,0,W,0.6130867534576134,W,1,Miami Heat,MIA,Atlanta Hawks,ATL
0022500813,2026-02-21,1610612748,1610612763,1,W,0.7517239829917839,W,1,Miami Heat,MIA,Memphis Grizzlies,MEM
0022500837,2026-02-24,1610612748,1610612749,0,L,0.5582606499156778,W,0,Miami Heat,MIA,Milwaukee Bucks,MIL
0022500849,2026-02-26,1610612748,1610612755,0,L,0.5446703030752302,W,0,Miami Heat,MIA,Philadelphia 76ers,PHI
0022500864,2026-02-28,1610612748,1610612745,1,W,0.4985267223779493,L,0,Miami Heat,MIA,Houston Rockets,HOU
0022500886,2026-03-03,1610612748,1610612751,1,W,0.780456205887437,W,1,Miami Heat,MIA,Brooklyn Nets,BKN
0022500901,2026-03-05,1610612748,1610612751,1,W,0.8135291926994328,W,1,Miami Heat,MIA,Brooklyn Nets,BKN
0022500909,2026-03-06,1610612748,1610612766,0,W,0.3232488469637774,L,0,Miami Heat,MIA,Charlotte Hornets,CHA
0022500923,2026-03-08,1610612748,1610612765,1,W,0.6540374455497445,W,1,Miami Heat,MIA,Detroit Pistons,DET
0022500938,2026-03-10,1610612748,1610612764,1,W,0.8615335559933293,W,1,Miami Heat,MIA,Washington Wizards,WAS
0022500957,2026-03-12,1610612748,1610612749,1,W,0.8191057080743587,W,1,Miami Heat,MIA,Milwaukee Bucks,MIL
0022500972,2026-03-14,1610612748,1610612753,1,L,0.5193776036576385,W,0,Miami Heat,MIA,Orlando Magic,ORL
0022500991,2026-03-17,1610612748,1610612766,0,L,0.4818403163972338,L,1,Miami Heat,MIA,Charlotte Hornets,CHA
0022501010,2026-03-19,1610612748,1610612747,1,L,0.4199301736258143,L,1,Miami Heat,MIA,Los Angeles Lakers,LAL
0022501027,2026-03-21,1610612748,1610612745,0,L,0.519378085457938,W,0,Miami Heat,MIA,Houston Rockets,HOU
0022501041,2026-03-23,1610612748,1610612759,1,L,0.32786055488860566,L,1,Miami Heat,MIA,San Antonio Spurs,SAS
0022501055,2026-03-25,1610612748,1610612739,0,W,0.2879296210818651,L,0,Miami Heat,MIA,Cleveland Cavaliers,CLE
0022501068,2026-03-27,1610612748,1610612739,0,L,0.3304838015827834,L,1,Miami Heat,MIA,Cleveland Cavaliers,CLE
0022501083,2026-03-29,1610612748,1610612754,0,L,0.553796907910824,W,0,Miami Heat,MIA,Indiana Pacers,IND
0022501091,2026-03-30,1610612748,1610612755,1,W,0.3282637130661785,L,0,Miami Heat,MIA,Philadelphia 76ers,PHI
0022501106,2026-04-01,1610612748,1610612738,1,L,0.33013853436101265,L,1,Miami Heat,MIA,Boston Celtics,BOS
0022501129,2026-04-04,1610612748,1610612764,1,W,0.6454657428336822,W,1,Miami Heat,MIA,Washington Wizards,WAS
0022501151,2026-04-07,1610612748,1610612761,0,L,0.37424673052891894,L,1,Miami Heat,MIA,Toronto Raptors,TOR
0022501165,2026-04-09,1610612748,1610612761,0,L,0.33034858916933285,L,1,Miami Heat,MIA,Toronto Raptors,TOR
0022501172,2026-04-10,1610612748,1610612764,0,W,0.6432592164512295,W,1,Miami Heat,MIA,Washington Wizards,WAS
0022501189,2026-04-12,1610612748,1610612737,1,W,0.3084442916680809,L,0,Miami Heat,MIA,Atlanta Hawks,ATL
0022500142,2025-11-01,1610612749,1610612758,1,L,0.7857325738474328,W,0,Milwaukee Bucks,MIL,Sacramento Kings,SAC
0022500157,2025-11-03,1610612749,1610612754,0,W,0.6388124028110542,W,1,Milwaukee Bucks,MIL,Indiana Pacers,IND
0022500165,2025-11-04,1610612749,1610612761,0,L,0.5545034162456378,W,0,Milwaukee Bucks,MIL,Toronto Raptors,TOR
0022500035,2025-11-07,1610612749,1610612741,1,W,0.44768359007309605,L,0,Milwaukee Bucks,MIL,Chicago Bulls,CHI
0022500191,2025-11-09,1610612749,1610612745,1,L,0.5193493005195372,W,0,Milwaukee Bucks,MIL,Houston Rockets,HOU
0022500203,2025-11-10,1610612749,1610612742,0,W,0.5428699551974769,W,1,Milwaukee Bucks,MIL,Dallas Mavericks,DAL
0022500213,2025-11-12,1610612749,1610612766,0,L,0.5619152717739092,W,0,Milwaukee Bucks,MIL,Charlotte Hornets,CHA
0022500043,2025-11-14,1610612749,1610612766,1,W,0.615827214470173,W,1,Milwaukee Bucks,MIL,Charlotte Hornets,CHA
0022500231,2025-11-15,1610612749,1610612747,1,L,0.5662844145500362,W,0,Milwaukee Bucks,MIL,Los Angeles Lakers,LAL
0022500241,2025-11-17,1610612749,1610612739,0,L,0.3671558703040146,L,1,Milwaukee Bucks,MIL,Cleveland Cavaliers,CLE
0022500266,2025-11-20,1610612749,1610612755,1,L,0.49807151461705507,L,1,Milwaukee Bucks,MIL,Philadelphia 76ers,PHI
0022500272,2025-11-22,1610612749,1610612765,1,L,0.28355242478679543,L,1,Milwaukee Bucks,MIL,Detroit Pistons,DET
0022500288,2025-11-24,1610612749,1610612757,1,L,0.5717973476681198,W,0,Milwaukee Bucks,MIL,Portland Trail Blazers,POR
0022500062,2025-11-26,1610612749,1610612748,0,L,0.1699338100922726,L,1,Milwaukee Bucks,MIL,Miami Heat,MIA
0022500074,2025-11-28,1610612749,1610612752,0,L,0.22016224005898474,L,1,Milwaukee Bucks,MIL,New York Knicks,NYK
0022500297,2025-11-29,1610612749,1610612751,1,W,0.5534213639978466,W,1,Milwaukee Bucks,MIL,Brooklyn Nets,BKN
0022500311,2025-12-01,1610612749,1610612764,0,L,0.5301281696310485,W,0,Milwaukee Bucks,MIL,Washington Wizards,WAS
0022500331,2025-12-03,1610612749,1610612765,1,W,0.391182988302956,L,0,Milwaukee Bucks,MIL,Detroit Pistons,DET
0022500348,2025-12-05,1610612749,1610612755,1,L,0.4672120654578435,L,1,Milwaukee Bucks,MIL,Philadelphia 76ers,PHI
0022500353,2025-12-06,1610612749,1610612765,0,L,0.27431695259959066,L,1,Milwaukee Bucks,MIL,Detroit Pistons,DET
0022501206,2025-12-11,1610612749,1610612738,1,W,0.2539893121375261,L,0,Milwaukee Bucks,MIL,Boston Celtics,BOS
0022501219,2025-12-14,1610612749,1610612751,0,L,0.4151515012179898,L,1,Milwaukee Bucks,MIL,Brooklyn Nets,BKN
0022500374,2025-12-18,1610612749,1610612761,1,L,0.5132607641787076,W,0,Milwaukee Bucks,MIL,Toronto Raptors,TOR
0022500400,2025-12-21,1610612749,1610612750,0,L,0.20863229502896474,L,1,Milwaukee Bucks,MIL,Minnesota Timberwolves,MIN
0022500413,2025-12-23,1610612749,1610612754,0,W,0.43364440480028454,L,0,Milwaukee Bucks,MIL,Indiana Pacers,IND
0022500428,2025-12-26,1610612749,1610612763,0,L,0.41331614687824336,L,1,Milwaukee Bucks,MIL,Memphis Grizzlies,MEM
0022500437,2025-12-27,1610612749,1610612741,0,W,0.23647115995355,L,0,Milwaukee Bucks,MIL,Chicago Bulls,CHI
0022500447,2025-12-29,1610612749,1610612766,0,W,0.4367818403368366,L,0,Milwaukee Bucks,MIL,Charlotte Hornets,CHA
0022500469,2025-12-31,1610612749,1610612764,1,L,0.5681862347635979,W,0,Milwaukee Bucks,MIL,Washington Wizards,WAS
0022500481,2026-01-02,1610612749,1610612766,1,W,0.5656656216685493,W,1,Milwaukee Bucks,MIL,Charlotte Hornets,CHA
0022500500,2026-01-04,1610612749,1610612758,0,W,0.6489646159022837,W,1,Milwaukee Bucks,MIL,Sacramento Kings,SAC
0022500526,2026-01-07,1610612749,1610612744,0,L,0.48339182400837905,L,1,Milwaukee Bucks,MIL,Golden State Warriors,GSW
0022500541,2026-01-09,1610612749,1610612747,0,W,0.5069418516013882,W,1,Milwaukee Bucks,MIL,Los Angeles Lakers,LAL
0022500554,2026-01-11,1610612749,1610612743,0,L,0.5936544435227179,W,0,Milwaukee Bucks,MIL,Denver Nuggets,DEN
0022500566,2026-01-13,1610612749,1610612750,1,L,0.5404281619713766,W,0,Milwaukee Bucks,MIL,Minnesota Timberwolves,MIN
0022500582,2026-01-15,1610612749,1610612759,0,L,0.4362643044333049,L,1,Milwaukee Bucks,MIL,San Antonio Spurs,SAS
0022500014,2026-01-19,1610612749,1610612737,0,W,0.45856703162904694,L,0,Milwaukee Bucks,MIL,Atlanta Hawks,ATL
0022500625,2026-01-21,1610612749,1610612760,1,L,0.3371382404122616,L,1,Milwaukee Bucks,MIL,Oklahoma City Thunder,OKC
0022500640,2026-01-23,1610612749,1610612743,1,L,0.3549142637206908,L,1,Milwaukee Bucks,MIL,Denver Nuggets,DEN
0022500666,2026-01-27,1610612749,1610612755,0,L,0.49566911971272326,L,1,Milwaukee Bucks,MIL,Philadelphia 76ers,PHI
0022500681,2026-01-29,1610612749,1610612764,0,L,0.5529023135121565,W,0,Milwaukee Bucks,MIL,Washington Wizards,WAS
0022500702,2026-02-01,1610612749,1610612738,0,L,0.30978202028301854,L,1,Milwaukee Bucks,MIL,Boston Celtics,BOS
0022500722,2026-02-03,1610612749,1610612741,1,W,0.48247349348812246,L,0,Milwaukee Bucks,MIL,Chicago Bulls,CHI
0022500729,2026-02-04,1610612749,1610612740,1,W,0.4152023897637709,L,0,Milwaukee Bucks,MIL,New Orleans Pelicans,NOP
0022500743,2026-02-06,1610612749,1610612754,1,W,0.5396071954385004,W,1,Milwaukee Bucks,MIL,Indiana Pacers,IND
0022500764,2026-02-09,1610612749,1610612753,0,L,0.5187224561086997,W,0,Milwaukee Bucks,MIL,Orlando Magic,ORL
0022500777,2026-02-11,1610612749,1610612753,0,W,0.4099339854667692,L,0,Milwaukee Bucks,MIL,Orlando Magic,ORL
0022500789,2026-02-12,1610612749,1610612760,0,W,0.3932705541837328,L,0,Milwaukee Bucks,MIL,Oklahoma City Thunder,OKC
0022500807,2026-02-20,1610612749,1610612740,0,W,0.46741285755502876,L,0,Milwaukee Bucks,MIL,New Orleans Pelicans,NOP
0022500819,2026-02-22,1610612749,1610612761,1,L,0.5733001033428057,W,0,Milwaukee Bucks,MIL,Toronto Raptors,TOR
0022500837,2026-02-24,1610612749,1610612748,1,W,0.45440874408356224,L,0,Milwaukee Bucks,MIL,Miami Heat,MIA
0022500846,2026-02-25,1610612749,1610612739,1,W,0.49104613163378297,L,0,Milwaukee Bucks,MIL,Cleveland Cavaliers,CLE
0022500860,2026-02-27,1610612749,1610612752,1,L,0.6146425378886964,W,0,Milwaukee Bucks,MIL,New York Knicks,NYK
0022500870,2026-03-01,1610612749,1610612741,0,L,0.7460012287581337,W,0,Milwaukee Bucks,MIL,Chicago Bulls,CHI
0022500880,2026-03-02,1610612749,1610612738,1,L,0.2663755918484135,L,1,Milwaukee Bucks,MIL,Boston Celtics,BOS
0022500897,2026-03-04,1610612749,1610612737,1,L,0.34019172481681964,L,1,Milwaukee Bucks,MIL,Atlanta Hawks,ATL
0022500919,2026-03-07,1610612749,1610612762,1,W,0.556096891356429,W,1,Milwaukee Bucks,MIL,Utah Jazz,UTA
0022500926,2026-03-08,1610612749,1610612753,1,L,0.38887195506544814,L,1,Milwaukee Bucks,MIL,Orlando Magic,ORL
0022500941,2026-03-10,1610612749,1610612756,1,L,0.39004077609265747,L,1,Milwaukee Bucks,MIL,Phoenix Suns,PHX
0022500957,2026-03-12,1610612749,1610612748,0,L,0.21002025323842355,L,1,Milwaukee Bucks,MIL,Miami Heat,MIA
0022500970,2026-03-14,1610612749,1610612737,0,L,0.17151432145820908,L,1,Milwaukee Bucks,MIL,Atlanta Hawks,ATL
0022500979,2026-03-15,1610612749,1610612754,1,W,0.5568287342791953,W,1,Milwaukee Bucks,MIL,Indiana Pacers,IND
0022500995,2026-03-17,1610612749,1610612739,1,L,0.3098571074850231,L,1,Milwaukee Bucks,MIL,Cleveland Cavaliers,CLE
0022501014,2026-03-19,1610612749,1610612762,0,L,0.5664107995214981,W,0,Milwaukee Bucks,MIL,Utah Jazz,UTA
0022501031,2026-03-21,1610612749,1610612756,0,W,0.2795259346903258,L,0,Milwaukee Bucks,MIL,Phoenix Suns,PHX
0022501046,2026-03-23,1610612749,1610612746,0,L,0.386409139160154,L,1,Milwaukee Bucks,MIL,Los Angeles Clippers,LAC
0022501061,2026-03-25,1610612749,1610612757,0,L,0.2609801469041846,L,1,Milwaukee Bucks,MIL,Portland Trail Blazers,POR
0022501076,2026-03-28,1610612749,1610612759,1,L,0.14447576126018657,L,1,Milwaukee Bucks,MIL,San Antonio Spurs,SAS
0022501082,2026-03-29,1610612749,1610612746,1,L,0.2232464219517328,L,1,Milwaukee Bucks,MIL,Los Angeles Clippers,LAC
0022500652,2026-03-31,1610612749,1610612742,1,W,0.4525255828003807,L,0,Milwaukee Bucks,MIL,Dallas Mavericks,DAL
0022501110,2026-04-01,1610612749,1610612745,0,L,0.19005589378899992,L,1,Milwaukee Bucks,MIL,Houston Rockets,HOU
0022501126,2026-04-03,1610612749,1610612738,1,L,0.21457406842099983,L,1,Milwaukee Bucks,MIL,Boston Celtics,BOS
0022501135,2026-04-05,1610612749,1610612763,1,W,0.6064298807227841,W,1,Milwaukee Bucks,MIL,Memphis Grizzlies,MEM
0022501150,2026-04-07,1610612749,1610612751,0,L,0.5260894183120378,W,0,Milwaukee Bucks,MIL,Brooklyn Nets,BKN
0022501160,2026-04-08,1610612749,1610612765,0,L,0.29912445495158696,L,1,Milwaukee Bucks,MIL,Detroit Pistons,DET
0022501179,2026-04-10,1610612749,1610612751,1,W,0.5542682758121665,W,1,Milwaukee Bucks,MIL,Brooklyn Nets,BKN
0022501191,2026-04-12,1610612749,1610612755,0,L,0.3519079774623385,L,1,Milwaukee Bucks,MIL,Philadelphia 76ers,PHI
0022500143,2025-11-01,1610612750,1610612766,0,W,0.42336565606065507,L,0,Minnesota Timberwolves,MIN,Charlotte Hornets,CHA
0022500156,2025-11-03,1610612750,1610612751,0,W,0.6825621329788828,W,1,Minnesota Timberwolves,MIN,Brooklyn Nets,BKN
0022500175,2025-11-05,1610612750,1610612752,0,L,0.47476325806973885,L,1,Minnesota Timberwolves,MIN,New York Knicks,NYK
0022500036,2025-11-07,1610612750,1610612762,1,W,0.6211624948572149,W,1,Minnesota Timberwolves,MIN,Utah Jazz,UTA
0022500197,2025-11-09,1610612750,1610612758,0,W,0.5887949259553085,W,1,Minnesota Timberwolves,MIN,Sacramento Kings,SAC
0022500205,2025-11-10,1610612750,1610612762,0,W,0.7056860996824607,W,1,Minnesota Timberwolves,MIN,Utah Jazz,UTA
0022500044,2025-11-14,1610612750,1610612758,1,W,0.8278010575360639,W,1,Minnesota Timberwolves,MIN,Sacramento Kings,SAC
0022500232,2025-11-15,1610612750,1610612743,1,L,0.3969638766832522,L,1,Minnesota Timberwolves,MIN,Denver Nuggets,DEN
0022500246,2025-11-17,1610612750,1610612742,1,W,0.7539844819237448,W,1,Minnesota Timberwolves,MIN,Dallas Mavericks,DAL
0022500259,2025-11-19,1610612750,1610612764,1,W,0.8597269002242132,W,1,Minnesota Timberwolves,MIN,Washington Wizards,WAS
0022500053,2025-11-21,1610612750,1610612756,0,L,0.4289091006760939,L,1,Minnesota Timberwolves,MIN,Phoenix Suns,PHX
0022500292,2025-11-24,1610612750,1610612758,0,L,0.7051015421777378,W,0,Minnesota Timberwolves,MIN,Sacramento Kings,SAC
0022500064,2025-11-26,1610612750,1610612760,0,L,0.27389859328337396,L,1,Minnesota Timberwolves,MIN,Oklahoma City Thunder,OKC
0022500293,2025-11-29,1610612750,1610612738,1,W,0.46806751330218366,L,0,Minnesota Timberwolves,MIN,Boston Celtics,BOS
0022500306,2025-11-30,1610612750,1610612759,1,W,0.4539593374069192,L,0,Minnesota Timberwolves,MIN,San Antonio Spurs,SAS
0022500321,2025-12-02,1610612750,1610612740,0,W,0.6250406600485304,W,1,Minnesota Timberwolves,MIN,New Orleans Pelicans,NOP
0022500337,2025-12-04,1610612750,1610612740,0,W,0.6305813327473814,W,1,Minnesota Timberwolves,MIN,New Orleans Pelicans,NOP
0022500355,2025-12-06,1610612750,1610612746,1,W,0.6972967329338139,W,1,Minnesota Timberwolves,MIN,Los Angeles Clippers,LAC
0022500365,2025-12-08,1610612750,1610612756,1,L,0.6802042327576937,W,0,Minnesota Timberwolves,MIN,Phoenix Suns,PHX
0022501215,2025-12-12,1610612750,1610612744,0,W,0.5113440700366096,W,1,Minnesota Timberwolves,MIN,Golden State Warriors,GSW
0022501220,2025-12-14,1610612750,1610612758,1,W,0.6960483432509594,W,1,Minnesota Timberwolves,MIN,Sacramento Kings,SAC
0022500368,2025-12-17,1610612750,1610612763,1,L,0.562073269139788,W,0,Minnesota Timberwolves,MIN,Memphis Grizzlies,MEM
0022500385,2025-12-19,1610612750,1610612760,1,W,0.37760636624217564,L,0,Minnesota Timberwolves,MIN,Oklahoma City Thunder,OKC
0022500400,2025-12-21,1610612750,1610612749,1,W,0.7722871440523648,W,1,Minnesota Timberwolves,MIN,Milwaukee Bucks,MIL
0022500416,2025-12-23,1610612750,1610612752,1,W,0.5337955415620002,W,1,Minnesota Timberwolves,MIN,New York Knicks,NYK
0022500013,2025-12-25,1610612750,1610612743,0,L,0.5121346259446612,W,0,Minnesota Timberwolves,MIN,Denver Nuggets,DEN
0022500439,2025-12-27,1610612750,1610612751,1,L,0.5556020877073147,W,0,Minnesota Timberwolves,MIN,Brooklyn Nets,BKN
0022500452,2025-12-29,1610612750,1610612741,0,W,0.46383300857988924,L,0,Minnesota Timberwolves,MIN,Chicago Bulls,CHI
0022500463,2025-12-31,1610612750,1610612737,0,L,0.7471781117310228,W,0,Minnesota Timberwolves,MIN,Atlanta Hawks,ATL
0022500486,2026-01-03,1610612750,1610612748,0,W,0.44757181693027703,L,0,Minnesota Timberwolves,MIN,Miami Heat,MIA
0022500498,2026-01-04,1610612750,1610612764,0,W,0.42768243266489614,L,0,Minnesota Timberwolves,MIN,Washington Wizards,WAS
0022500513,2026-01-06,1610612750,1610612748,1,W,0.5861875619430975,W,1,Minnesota Timberwolves,MIN,Miami Heat,MIA
0022500530,2026-01-08,1610612750,1610612739,1,W,0.6506902580665958,W,1,Minnesota Timberwolves,MIN,Cleveland Cavaliers,CLE
0022500542,2026-01-10,1610612750,1610612739,0,L,0.555554150236657,W,0,Minnesota Timberwolves,MIN,Cleveland Cavaliers,CLE
0022500552,2026-01-11,1610612750,1610612759,1,W,0.5404706868662918,W,1,Minnesota Timberwolves,MIN,San Antonio Spurs,SAS
0022500566,2026-01-13,1610612750,1610612749,0,W,0.4820011049499708,L,0,Minnesota Timberwolves,MIN,Milwaukee Bucks,MIL
0022500591,2026-01-16,1610612750,1610612745,0,L,0.5917788466139136,W,0,Minnesota Timberwolves,MIN,Houston Rockets,HOU
0022500598,2026-01-17,1610612750,1610612759,0,L,0.44820756367350423,L,1,Minnesota Timberwolves,MIN,San Antonio Spurs,SAS
0022500616,2026-01-20,1610612750,1610612762,0,L,0.7242966205405141,W,0,Minnesota Timberwolves,MIN,Utah Jazz,UTA
0022500631,2026-01-22,1610612750,1610612741,1,L,0.5287532313670565,W,0,Minnesota Timberwolves,MIN,Chicago Bulls,CHI
0022500644,2026-01-25,1610612750,1610612744,1,L,0.5389558915096971,W,0,Minnesota Timberwolves,MIN,Golden State Warriors,GSW
0022500663,2026-01-26,1610612750,1610612744,1,W,0.38122103171146493,L,0,Minnesota Timberwolves,MIN,Golden State Warriors,GSW
0022500677,2026-01-28,1610612750,1610612742,0,W,0.3017325565154807,L,0,Minnesota Timberwolves,MIN,Dallas Mavericks,DAL
0022500686,2026-01-29,1610612750,1610612760,1,W,0.3310788287198072,L,0,Minnesota Timberwolves,MIN,Oklahoma City Thunder,OKC
0022500700,2026-01-31,1610612750,1610612763,0,W,0.6264718270746891,W,1,Minnesota Timberwolves,MIN,Memphis Grizzlies,MEM
0022500714,2026-02-02,1610612750,1610612763,0,L,0.6443815720924265,W,0,Minnesota Timberwolves,MIN,Memphis Grizzlies,MEM
0022500727,2026-02-04,1610612750,1610612761,0,W,0.44309702868105727,L,0,Minnesota Timberwolves,MIN,Toronto Raptors,TOR
0022500744,2026-02-06,1610612750,1610612740,1,L,0.6331309529631607,W,0,Minnesota Timberwolves,MIN,New Orleans Pelicans,NOP
0022500760,2026-02-08,1610612750,1610612746,1,L,0.5550229045528597,W,0,Minnesota Timberwolves,MIN,Los Angeles Clippers,LAC
0022500765,2026-02-09,1610612750,1610612737,1,W,0.5086877445440978,W,1,Minnesota Timberwolves,MIN,Atlanta Hawks,ATL
0022500783,2026-02-11,1610612750,1610612757,1,W,0.6159903118199195,W,1,Minnesota Timberwolves,MIN,Portland Trail Blazers,POR
0022500806,2026-02-20,1610612750,1610612742,1,W,0.769682647109515,W,1,Minnesota Timberwolves,MIN,Dallas Mavericks,DAL
0022500824,2026-02-22,1610612750,1610612755,1,L,0.7444527957785153,W,0,Minnesota Timberwolves,MIN,Philadelphia 76ers,PHI
0022500841,2026-02-24,1610612750,1610612757,0,W,0.558475088854925,W,1,Minnesota Timberwolves,MIN,Portland Trail Blazers,POR
0022500857,2026-02-26,1610612750,1610612746,0,W,0.444380023842551,L,0,Minnesota Timberwolves,MIN,Los Angeles Clippers,LAC
0022500871,2026-03-01,1610612750,1610612743,0,W,0.4570731578454847,L,0,Minnesota Timberwolves,MIN,Denver Nuggets,DEN
0022500890,2026-03-03,1610612750,1610612763,1,W,0.7173644239606524,W,1,Minnesota Timberwolves,MIN,Memphis Grizzlies,MEM
0022500903,2026-03-05,1610612750,1610612761,1,W,0.5785332725126535,W,1,Minnesota Timberwolves,MIN,Toronto Raptors,TOR
0022500915,2026-03-07,1610612750,1610612753,1,L,0.6183840518095315,W,0,Minnesota Timberwolves,MIN,Orlando Magic,ORL
0022500946,2026-03-10,1610612750,1610612747,0,L,0.48268482927647666,L,1,Minnesota Timberwolves,MIN,Los Angeles Lakers,LAL
0022500952,2026-03-11,1610612750,1610612746,0,L,0.424151018924165,L,1,Minnesota Timberwolves,MIN,Los Angeles Clippers,LAC
0022500966,2026-03-13,1610612750,1610612744,0,W,0.5078696470618392,W,1,Minnesota Timberwolves,MIN,Golden State Warriors,GSW
0022500976,2026-03-15,1610612750,1610612760,0,L,0.25520075622458616,L,1,Minnesota Timberwolves,MIN,Oklahoma City Thunder,OKC
0022500996,2026-03-17,1610612750,1610612756,1,W,0.40056227237322095,L,0,Minnesota Timberwolves,MIN,Phoenix Suns,PHX
0022501004,2026-03-18,1610612750,1610612762,1,W,0.6788724649097,W,1,Minnesota Timberwolves,MIN,Utah Jazz,UTA
0022501020,2026-03-20,1610612750,1610612757,1,L,0.5431126075857774,W,0,Minnesota Timberwolves,MIN,Portland Trail Blazers,POR
0022501035,2026-03-22,1610612750,1610612738,0,W,0.33196755839798175,L,0,Minnesota Timberwolves,MIN,Boston Celtics,BOS
0022501058,2026-03-25,1610612750,1610612745,1,W,0.613417922436234,W,1,Minnesota Timberwolves,MIN,Houston Rockets,HOU
0022501080,2026-03-28,1610612750,1610612765,1,L,0.4524983185882218,L,1,Minnesota Timberwolves,MIN,Detroit Pistons,DET
0022501095,2026-03-30,1610612750,1610612742,0,W,0.589361038446915,W,1,Minnesota Timberwolves,MIN,Dallas Mavericks,DAL
0022501115,2026-04-02,1610612750,1610612765,0,L,0.4802327180707833,L,1,Minnesota Timberwolves,MIN,Detroit Pistons,DET
0022501121,2026-04-03,1610612750,1610612755,0,L,0.4359360205268445,L,1,Minnesota Timberwolves,MIN,Philadelphia 76ers,PHI
0022501137,2026-04-05,1610612750,1610612766,1,L,0.34555844163205945,L,1,Minnesota Timberwolves,MIN,Charlotte Hornets,CHA
0022501152,2026-04-07,1610612750,1610612754,0,W,0.4903873110122136,L,0,Minnesota Timberwolves,MIN,Indiana Pacers,IND
0022501159,2026-04-08,1610612750,1610612753,0,L,0.5193172744388086,W,0,Minnesota Timberwolves,MIN,Orlando Magic,ORL
0022501178,2026-04-10,1610612750,1610612745,0,W,0.20442692959742273,L,0,Minnesota Timberwolves,MIN,Houston Rockets,HOU
0022501195,2026-04-12,1610612750,1610612740,1,W,0.686146112554271,W,1,Minnesota Timberwolves,MIN,New Orleans Pelicans,NOP
0022500149,2025-11-02,1610612751,1610612755,1,L,0.24756766992965162,L,1,Brooklyn Nets,BKN,Philadelphia 76ers,PHI
0022500156,2025-11-03,1610612751,1610612750,1,L,0.27499597044462687,L,1,Brooklyn Nets,BKN,Minnesota Timberwolves,MIN
0022500173,2025-11-05,1610612751,1610612754,0,W,0.3214695889872036,L,0,Brooklyn Nets,BKN,Indiana Pacers,IND
0022500031,2025-11-07,1610612751,1610612765,1,L,0.25498876609375704,L,1,Brooklyn Nets,BKN,Detroit Pistons,DET
0022500192,2025-11-09,1610612751,1610612752,0,L,0.21448873505885127,L,1,Brooklyn Nets,BKN,New York Knicks,NYK
0022500207,2025-11-11,1610612751,1610612761,1,L,0.2235286757619982,L,1,Brooklyn Nets,BKN,Toronto Raptors,TOR
0022500040,2025-11-14,1610612751,1610612753,0,L,0.2631333917966069,L,1,Brooklyn Nets,BKN,Orlando Magic,ORL
0022500235,2025-11-16,1610612751,1610612764,0,W,0.5590662368140712,W,1,Brooklyn Nets,BKN,Washington Wizards,WAS
0022500250,2025-11-18,1610612751,1610612738,1,L,0.2936355890271761,L,1,Brooklyn Nets,BKN,Boston Celtics,BOS
0022500049,2025-11-21,1610612751,1610612738,0,W,0.20713029591218415,L,0,Brooklyn Nets,BKN,Boston Celtics,BOS
0022500279,2025-11-23,1610612751,1610612761,0,L,0.2706612152180117,L,1,Brooklyn Nets,BKN,Toronto Raptors,TOR
0022500285,2025-11-24,1610612751,1610612752,1,L,0.4608240497349402,L,1,Brooklyn Nets,BKN,New York Knicks,NYK
0022500070,2025-11-28,1610612751,1610612755,1,L,0.5788699965872434,W,0,Brooklyn Nets,BKN,Philadelphia 76ers,PHI
0022500297,2025-11-29,1610612751,1610612749,0,L,0.4921800838076311,L,1,Brooklyn Nets,BKN,Milwaukee Bucks,MIL
0022500312,2025-12-01,1610612751,1610612766,1,W,0.5312990095481769,W,1,Brooklyn Nets,BKN,Charlotte Hornets,CHA
0022500329,2025-12-03,1610612751,1610612741,0,W,0.4296443396551004,L,0,Brooklyn Nets,BKN,Chicago Bulls,CHI
0022500335,2025-12-04,1610612751,1610612762,1,L,0.5312023281830538,W,0,Brooklyn Nets,BKN,Utah Jazz,UTA
0022500350,2025-12-06,1610612751,1610612740,1,W,0.6483532106133608,W,1,Brooklyn Nets,BKN,New Orleans Pelicans,NOP
0022501214,2025-12-12,1610612751,1610612742,0,L,0.40904953870461186,L,1,Brooklyn Nets,BKN,Dallas Mavericks,DAL
0022501219,2025-12-14,1610612751,1610612749,1,W,0.5844087548487531,W,1,Brooklyn Nets,BKN,Milwaukee Bucks,MIL
0022500373,2025-12-18,1610612751,1610612748,1,L,0.6151266229529043,W,0,Brooklyn Nets,BKN,Miami Heat,MIA
0022500397,2025-12-21,1610612751,1610612761,1,W,0.6383710170752319,W,1,Brooklyn Nets,BKN,Toronto Raptors,TOR
0022500410,2025-12-23,1610612751,1610612755,0,W,0.3806075305615694,L,0,Brooklyn Nets,BKN,Philadelphia 76ers,PHI
0022500439,2025-12-27,1610612751,1610612750,0,W,0.48040103526390543,L,0,Brooklyn Nets,BKN,Minnesota Timberwolves,MIN
0022500449,2025-12-29,1610612751,1610612744,1,L,0.7185761977855468,W,0,Brooklyn Nets,BKN,Golden State Warriors,GSW
0022500471,2026-01-01,1610612751,1610612745,1,L,0.5399168756734904,W,0,Brooklyn Nets,BKN,Houston Rockets,HOU
0022500477,2026-01-02,1610612751,1610612764,0,L,0.42067390408989114,L,1,Brooklyn Nets,BKN,Washington Wizards,WAS
0022500496,2026-01-04,1610612751,1610612743,1,W,0.5238403623223228,W,1,Brooklyn Nets,BKN,Denver Nuggets,DEN
0022500521,2026-01-07,1610612751,1610612753,1,L,0.5321218411194207,W,0,Brooklyn Nets,BKN,Orlando Magic,ORL
0022500535,2026-01-09,1610612751,1610612746,1,L,0.36202497070190476,L,1,Brooklyn Nets,BKN,Los Angeles Clippers,LAC
0022500549,2026-01-11,1610612751,1610612763,0,L,0.4551960311621121,L,1,Brooklyn Nets,BKN,Memphis Grizzlies,MEM
0022500561,2026-01-12,1610612751,1610612742,0,L,0.4432986924447885,L,1,Brooklyn Nets,BKN,Dallas Mavericks,DAL
0022500574,2026-01-14,1610612751,1610612740,0,L,0.587571996749175,W,0,Brooklyn Nets,BKN,New Orleans Pelicans,NOP
0022500587,2026-01-16,1610612751,1610612741,1,W,0.43742240203513294,L,0,Brooklyn Nets,BKN,Chicago Bulls,CHI
0022500603,2026-01-18,1610612751,1610612741,0,L,0.3682213792142944,L,1,Brooklyn Nets,BKN,Chicago Bulls,CHI
0022500610,2026-01-19,1610612751,1610612756,1,L,0.39767034441270677,L,1,Brooklyn Nets,BKN,Phoenix Suns,PHX
0022500622,2026-01-21,1610612751,1610612752,0,L,0.4643900030960966,L,1,Brooklyn Nets,BKN,New York Knicks,NYK
0022500637,2026-01-23,1610612751,1610612738,1,L,0.28442124081761666,L,1,Brooklyn Nets,BKN,Boston Celtics,BOS
0022500656,2026-01-25,1610612751,1610612746,0,L,0.1983278440199869,L,1,Brooklyn Nets,BKN,Los Angeles Clippers,LAC
0022500669,2026-01-27,1610612751,1610612756,0,L,0.19506516689096645,L,1,Brooklyn Nets,BKN,Phoenix Suns,PHX
0022500684,2026-01-29,1610612751,1610612743,0,L,0.17925418881537578,L,1,Brooklyn Nets,BKN,Denver Nuggets,DEN
0022500694,2026-01-30,1610612751,1610612762,0,W,0.4129050464602468,L,0,Brooklyn Nets,BKN,Utah Jazz,UTA
0022500704,2026-02-01,1610612751,1610612765,0,L,0.29369925382016504,L,1,Brooklyn Nets,BKN,Detroit Pistons,DET
0022500719,2026-02-03,1610612751,1610612747,1,L,0.36106869967693944,L,1,Brooklyn Nets,BKN,Los Angeles Lakers,LAL
0022500734,2026-02-05,1610612751,1610612753,0,L,0.324383512660265,L,1,Brooklyn Nets,BKN,Orlando Magic,ORL
0022500747,2026-02-07,1610612751,1610612764,1,W,0.41524382612130406,L,0,Brooklyn Nets,BKN,Washington Wizards,WAS
0022500762,2026-02-09,1610612751,1610612741,1,W,0.5549927240374372,W,1,Brooklyn Nets,BKN,Chicago Bulls,CHI
0022500779,2026-02-11,1610612751,1610612754,1,L,0.44741482876287847,L,1,Brooklyn Nets,BKN,Indiana Pacers,IND
0022500793,2026-02-19,1610612751,1610612739,0,L,0.2209229469007023,L,1,Brooklyn Nets,BKN,Cleveland Cavaliers,CLE
0022500808,2026-02-20,1610612751,1610612760,0,L,0.3200653305806946,L,1,Brooklyn Nets,BKN,Oklahoma City Thunder,OKC
0022500818,2026-02-22,1610612751,1610612737,0,L,0.4421627682015287,L,1,Brooklyn Nets,BKN,Atlanta Hawks,ATL
0022500833,2026-02-24,1610612751,1610612742,1,L,0.61454869853176,W,0,Brooklyn Nets,BKN,Dallas Mavericks,DAL
0022500851,2026-02-26,1610612751,1610612759,1,L,0.177727613207089,L,1,Brooklyn Nets,BKN,San Antonio Spurs,SAS
0022500859,2026-02-27,1610612751,1610612738,0,L,0.13345659312237207,L,1,Brooklyn Nets,BKN,Boston Celtics,BOS
0022500869,2026-03-01,1610612751,1610612739,1,L,0.27861507101017247,L,1,Brooklyn Nets,BKN,Cleveland Cavaliers,CLE
0022500886,2026-03-03,1610612751,1610612748,0,L,0.242852494154784,L,1,Brooklyn Nets,BKN,Miami Heat,MIA
0022500901,2026-03-05,1610612751,1610612748,0,L,0.198892982546731,L,1,Brooklyn Nets,BKN,Miami Heat,MIA
0022500916,2026-03-07,1610612751,1610612765,0,W,0.13968495886596602,L,0,Brooklyn Nets,BKN,Detroit Pistons,DET
0022500932,2026-03-09,1610612751,1610612763,1,W,0.37086753823536867,L,0,Brooklyn Nets,BKN,Memphis Grizzlies,MEM
0022500937,2026-03-10,1610612751,1610612765,1,L,0.3804735187938661,L,1,Brooklyn Nets,BKN,Detroit Pistons,DET
0022500956,2026-03-12,1610612751,1610612737,0,L,0.13244293571355686,L,1,Brooklyn Nets,BKN,Atlanta Hawks,ATL
0022500969,2026-03-14,1610612751,1610612755,0,L,0.3275590673587782,L,1,Brooklyn Nets,BKN,Philadelphia 76ers,PHI
0022500985,2026-03-16,1610612751,1610612757,1,L,0.42300886540756455,L,1,Brooklyn Nets,BKN,Portland Trail Blazers,POR
0022501000,2026-03-18,1610612751,1610612760,1,L,0.2180752562804358,L,1,Brooklyn Nets,BKN,Oklahoma City Thunder,OKC
0022501016,2026-03-20,1610612751,1610612752,1,L,0.2014645545156414,L,1,Brooklyn Nets,BKN,New York Knicks,NYK
0022501033,2026-03-22,1610612751,1610612758,0,L,0.312050950728366,L,1,Brooklyn Nets,BKN,Sacramento Kings,SAC
0022501045,2026-03-23,1610612751,1610612757,0,L,0.2769064128495056,L,1,Brooklyn Nets,BKN,Portland Trail Blazers,POR
0022501060,2026-03-25,1610612751,1610612744,0,L,0.45376760196705024,L,1,Brooklyn Nets,BKN,Golden State Warriors,GSW
0022501075,2026-03-27,1610612751,1610612747,0,L,0.13820154014012573,L,1,Brooklyn Nets,BKN,Los Angeles Lakers,LAL
0022501084,2026-03-29,1610612751,1610612758,1,W,0.38452336940969184,L,0,Brooklyn Nets,BKN,Sacramento Kings,SAC
0022501100,2026-03-31,1610612751,1610612766,1,L,0.21697395597820832,L,1,Brooklyn Nets,BKN,Charlotte Hornets,CHA
0022501122,2026-04-03,1610612751,1610612737,1,L,0.21156030224307706,L,1,Brooklyn Nets,BKN,Atlanta Hawks,ATL
0022501133,2026-04-05,1610612751,1610612764,1,W,0.5643247868208691,W,1,Brooklyn Nets,BKN,Washington Wizards,WAS
0022501150,2026-04-07,1610612751,1610612749,1,W,0.4903490497390408,L,0,Brooklyn Nets,BKN,Milwaukee Bucks,MIL
0022501167,2026-04-09,1610612751,1610612754,1,L,0.5347306367351851,W,0,Brooklyn Nets,BKN,Indiana Pacers,IND
0022501179,2026-04-10,1610612751,1610612749,0,L,0.49133515009467105,L,1,Brooklyn Nets,BKN,Milwaukee Bucks,MIL
0022501192,2026-04-12,1610612751,1610612761,0,L,0.29756752218905397,L,1,Brooklyn Nets,BKN,Toronto Raptors,TOR
0022500153,2025-11-02,1610612752,1610612741,1,W,0.3059790977517202,L,0,New York Knicks,NYK,Chicago Bulls,CHI
0022500159,2025-11-03,1610612752,1610612764,1,W,0.7291099987527708,W,1,New York Knicks,NYK,Washington Wizards,WAS
0022500175,2025-11-05,1610612752,1610612750,1,W,0.5285357083210768,W,1,New York Knicks,NYK,Minnesota Timberwolves,MIN
0022500192,2025-11-09,1610612752,1610612751,1,W,0.811435760836368,W,1,New York Knicks,NYK,Brooklyn Nets,BKN
0022500208,2025-11-11,1610612752,1610612763,1,W,0.7580754136619223,W,1,New York Knicks,NYK,Memphis Grizzlies,MEM
0022500215,2025-11-12,1610612752,1610612753,1,L,0.6922620720161381,W,0,New York Knicks,NYK,Orlando Magic,ORL
0022500039,2025-11-14,1610612752,1610612748,1,W,0.6287341892121356,W,1,New York Knicks,NYK,Miami Heat,MIA
0022500244,2025-11-17,1610612752,1610612748,0,L,0.5784450105677896,W,0,New York Knicks,NYK,Miami Heat,MIA
0022500262,2025-11-19,1610612752,1610612742,0,W,0.6856254547572742,W,1,New York Knicks,NYK,Dallas Mavericks,DAL
0022500269,2025-11-22,1610612752,1610612753,0,L,0.40201583144358005,L,1,New York Knicks,NYK,Orlando Magic,ORL
0022500285,2025-11-24,1610612752,1610612751,0,W,0.5874101173758116,W,1,New York Knicks,NYK,Brooklyn Nets,BKN
0022500061,2025-11-26,1610612752,1610612766,0,W,0.6948454720319063,W,1,New York Knicks,NYK,Charlotte Hornets,CHA
0022500074,2025-11-28,1610612752,1610612749,1,W,0.7668044586755688,W,1,New York Knicks,NYK,Milwaukee Bucks,MIL
0022500303,2025-11-30,1610612752,1610612761,1,W,0.5008934954966788,W,1,New York Knicks,NYK,Toronto Raptors,TOR
0022500320,2025-12-02,1610612752,1610612738,0,L,0.5214962744133675,W,0,New York Knicks,NYK,Boston Celtics,BOS
0022500328,2025-12-03,1610612752,1610612766,1,W,0.7731173800299191,W,1,New York Knicks,NYK,Charlotte Hornets,CHA
0022500343,2025-12-05,1610612752,1610612762,1,W,0.7743865125020367,W,1,New York Knicks,NYK,Utah Jazz,UTA
0022500357,2025-12-07,1610612752,1610612753,1,W,0.5769939039683613,W,1,New York Knicks,NYK,Orlando Magic,ORL
0022501202,2025-12-09,1610612752,1610612761,0,W,0.7006447283126979,W,1,New York Knicks,NYK,Toronto Raptors,TOR
0022501229,2025-12-13,1610612752,1610612753,0,W,0.5690803615950453,W,1,New York Knicks,NYK,Orlando Magic,ORL
0022500372,2025-12-18,1610612752,1610612754,0,W,0.7380783892624557,W,1,New York Knicks,NYK,Indiana Pacers,IND
0022500382,2025-12-19,1610612752,1610612755,1,L,0.6499055138367913,W,0,New York Knicks,NYK,Philadelphia 76ers,PHI
0022500398,2025-12-21,1610612752,1610612748,1,W,0.7443820645276115,W,1,New York Knicks,NYK,Miami Heat,MIA
0022500416,2025-12-23,1610612752,1610612750,0,L,0.4449610250402605,L,1,New York Knicks,NYK,Minnesota Timberwolves,MIN
0022500009,2025-12-25,1610612752,1610612739,1,W,0.6566034433214316,W,1,New York Knicks,NYK,Cleveland Cavaliers,CLE
0022500435,2025-12-27,1610612752,1610612737,0,W,0.7104700413252143,W,1,New York Knicks,NYK,Atlanta Hawks,ATL
0022500454,2025-12-29,1610612752,1610612740,0,W,0.5742154626590377,W,1,New York Knicks,NYK,New Orleans Pelicans,NOP
0022500467,2025-12-31,1610612752,1610612759,0,L,0.3894223582414626,L,1,New York Knicks,NYK,San Antonio Spurs,SAS
0022500479,2026-01-02,1610612752,1610612737,1,L,0.727548248205387,W,0,New York Knicks,NYK,Atlanta Hawks,ATL
0022500487,2026-01-03,1610612752,1610612755,1,L,0.6126160027601121,W,0,New York Knicks,NYK,Philadelphia 76ers,PHI
0022500502,2026-01-05,1610612752,1610612765,0,L,0.4615240234977813,L,1,New York Knicks,NYK,Detroit Pistons,DET
0022500522,2026-01-07,1610612752,1610612746,1,W,0.32447384718286,L,0,New York Knicks,NYK,Los Angeles Clippers,LAC
0022500538,2026-01-09,1610612752,1610612756,0,L,0.3048368017018157,L,1,New York Knicks,NYK,Phoenix Suns,PHX
0022500551,2026-01-11,1610612752,1610612757,0,W,0.25874583641832866,L,0,New York Knicks,NYK,Portland Trail Blazers,POR
0022500576,2026-01-14,1610612752,1610612758,0,L,0.46781426805025633,L,1,New York Knicks,NYK,Sacramento Kings,SAC
0022500584,2026-01-15,1610612752,1610612744,0,L,0.30717267281350663,L,1,New York Knicks,NYK,Golden State Warriors,GSW
0022500596,2026-01-17,1610612752,1610612756,1,L,0.4176279416220879,L,1,New York Knicks,NYK,Phoenix Suns,PHX
0022500016,2026-01-19,1610612752,1610612742,1,L,0.4272915805936444,L,1,New York Knicks,NYK,Dallas Mavericks,DAL
0022500622,2026-01-21,1610612752,1610612751,1,W,0.5116400777470086,W,1,New York Knicks,NYK,Brooklyn Nets,BKN
0022500643,2026-01-24,1610612752,1610612755,0,W,0.4302179070849872,L,0,New York Knicks,NYK,Philadelphia 76ers,PHI
0022500665,2026-01-27,1610612752,1610612758,1,W,0.732032744817903,W,1,New York Knicks,NYK,Sacramento Kings,SAC
0022500675,2026-01-28,1610612752,1610612761,0,W,0.4476770896683161,L,0,New York Knicks,NYK,Toronto Raptors,TOR
0022500690,2026-01-30,1610612752,1610612757,1,W,0.6369648121244245,W,1,New York Knicks,NYK,Portland Trail Blazers,POR
0022500708,2026-02-01,1610612752,1610612747,1,W,0.6573028086815866,W,1,New York Knicks,NYK,Los Angeles Lakers,LAL
0022500718,2026-02-03,1610612752,1610612764,0,W,0.7356093761386491,W,1,New York Knicks,NYK,Washington Wizards,WAS
0022500726,2026-02-04,1610612752,1610612743,1,W,0.7300141842236741,W,1,New York Knicks,NYK,Denver Nuggets,DEN
0022500742,2026-02-06,1610612752,1610612765,0,L,0.5849038292256052,W,0,New York Knicks,NYK,Detroit Pistons,DET
0022500757,2026-02-08,1610612752,1610612738,0,W,0.3794512360748844,L,0,New York Knicks,NYK,Boston Celtics,BOS
0022500771,2026-02-10,1610612752,1610612754,1,L,0.8302403865924224,W,0,New York Knicks,NYK,Indiana Pacers,IND
0022500780,2026-02-11,1610612752,1610612755,0,W,0.5204337176518156,W,1,New York Knicks,NYK,Philadelphia 76ers,PHI
0022500796,2026-02-19,1610612752,1610612765,1,L,0.4805529113902334,L,1,New York Knicks,NYK,Detroit Pistons,DET
0022500816,2026-02-21,1610612752,1610612745,1,W,0.6036237031995445,W,1,New York Knicks,NYK,Houston Rockets,HOU
0022500825,2026-02-22,1610612752,1610612741,0,W,0.8177789891627005,W,1,New York Knicks,NYK,Chicago Bulls,CHI
0022500835,2026-02-24,1610612752,1610612739,0,L,0.407856212821527,L,1,New York Knicks,NYK,Cleveland Cavaliers,CLE
0022500860,2026-02-27,1610612752,1610612749,0,W,0.3998813567470484,L,0,New York Knicks,NYK,Milwaukee Bucks,MIL
0022500868,2026-03-01,1610612752,1610612759,1,W,0.3463914913157657,L,0,New York Knicks,NYK,San Antonio Spurs,SAS
0022500887,2026-03-03,1610612752,1610612761,0,W,0.4891176080618893,L,0,New York Knicks,NYK,Toronto Raptors,TOR
0022500893,2026-03-04,1610612752,1610612760,1,L,0.5614365251703162,W,0,New York Knicks,NYK,Oklahoma City Thunder,OKC
0022500911,2026-03-06,1610612752,1610612743,0,W,0.5955186499406891,W,1,New York Knicks,NYK,Denver Nuggets,DEN
0022500922,2026-03-08,1610612752,1610612747,0,L,0.5866512487002467,W,0,New York Knicks,NYK,Los Angeles Lakers,LAL
0022500935,2026-03-09,1610612752,1610612746,0,L,0.47174761362188306,L,1,New York Knicks,NYK,Los Angeles Clippers,LAC
0022500949,2026-03-11,1610612752,1610612762,0,W,0.6245489298675918,W,1,New York Knicks,NYK,Utah Jazz,UTA
0022500962,2026-03-13,1610612752,1610612754,0,W,0.7513275731867297,W,1,New York Knicks,NYK,Indiana Pacers,IND
0022500981,2026-03-15,1610612752,1610612744,1,W,0.7168250062990925,W,1,New York Knicks,NYK,Golden State Warriors,GSW
0022500994,2026-03-17,1610612752,1610612754,1,W,0.7970202505775961,W,1,New York Knicks,NYK,Indiana Pacers,IND
0022501016,2026-03-20,1610612752,1610612751,0,W,0.7846217530199213,W,1,New York Knicks,NYK,Brooklyn Nets,BKN
0022501034,2026-03-22,1610612752,1610612764,1,W,0.8844865219532174,W,1,New York Knicks,NYK,Washington Wizards,WAS
0022501048,2026-03-24,1610612752,1610612740,1,W,0.6335741560007564,W,1,New York Knicks,NYK,New Orleans Pelicans,NOP
0022501063,2026-03-26,1610612752,1610612766,0,L,0.4854796185032959,L,1,New York Knicks,NYK,Charlotte Hornets,CHA
0022501089,2026-03-29,1610612752,1610612760,0,L,0.3476935956406756,L,1,New York Knicks,NYK,Oklahoma City Thunder,OKC
0022501102,2026-03-31,1610612752,1610612745,0,L,0.5237778888738831,W,0,New York Knicks,NYK,Houston Rockets,HOU
0022501003,2026-04-01,1610612752,1610612763,0,W,0.7668853863291597,W,1,New York Knicks,NYK,Memphis Grizzlies,MEM
0022501123,2026-04-03,1610612752,1610612741,1,W,0.7557750916734454,W,1,New York Knicks,NYK,Chicago Bulls,CHI
0022501143,2026-04-06,1610612752,1610612737,0,W,0.3447732133932411,L,0,New York Knicks,NYK,Atlanta Hawks,ATL
0022501168,2026-04-09,1610612752,1610612738,1,W,0.45148322320021467,L,0,New York Knicks,NYK,Boston Celtics,BOS
0022501176,2026-04-10,1610612752,1610612761,1,W,0.5630521306330712,W,1,New York Knicks,NYK,Toronto Raptors,TOR
0022501190,2026-04-12,1610612752,1610612766,1,L,0.6556159273703654,W,0,New York Knicks,NYK,Charlotte Hornets,CHA
0022500145,2025-11-01,1610612753,1610612764,0,W,0.4958602946266478,L,0,Orlando Magic,ORL,Washington Wizards,WAS
0022500166,2025-11-04,1610612753,1610612737,0,L,0.4695763073167321,L,1,Orlando Magic,ORL,Atlanta Hawks,ATL
0022500028,2025-11-07,1610612753,1610612738,1,W,0.4505170858208629,L,0,Orlando Magic,ORL,Boston Celtics,BOS
0022500193,2025-11-09,1610612753,1610612738,1,L,0.5499507161329946,W,0,Orlando Magic,ORL,Boston Celtics,BOS
0022500200,2025-11-10,1610612753,1610612757,1,W,0.5400095350802115,W,1,Orlando Magic,ORL,Portland Trail Blazers,POR
0022500215,2025-11-12,1610612753,1610612752,0,W,0.3260960295452908,L,0,Orlando Magic,ORL,New York Knicks,NYK
0022500040,2025-11-14,1610612753,1610612751,1,W,0.75397393457092,W,1,Orlando Magic,ORL,Brooklyn Nets,BKN
0022500236,2025-11-16,1610612753,1610612745,0,L,0.3450508725459795,L,1,Orlando Magic,ORL,Houston Rockets,HOU
0022500249,2025-11-18,1610612753,1610612744,1,W,0.5940663581848427,W,1,Orlando Magic,ORL,Golden State Warriors,GSW
0022500264,2025-11-20,1610612753,1610612746,1,W,0.7227003730797801,W,1,Orlando Magic,ORL,Los Angeles Clippers,LAC
0022500269,2025-11-22,1610612753,1610612752,1,W,0.6012353312970236,W,1,Orlando Magic,ORL,New York Knicks,NYK
0022500277,2025-11-23,1610612753,1610612738,0,L,0.47450044995985197,L,1,Orlando Magic,ORL,Boston Celtics,BOS
0022500058,2025-11-25,1610612753,1610612755,0,W,0.6049435706366049,W,1,Orlando Magic,ORL,Philadelphia 76ers,PHI
0022500072,2025-11-28,1610612753,1610612765,0,W,0.4307892112822335,L,0,Orlando Magic,ORL,Detroit Pistons,DET
0022500314,2025-12-01,1610612753,1610612741,1,W,0.8239490676491308,W,1,Orlando Magic,ORL,Chicago Bulls,CHI
0022500326,2025-12-03,1610612753,1610612759,1,L,0.6412221799016505,W,0,Orlando Magic,ORL,San Antonio Spurs,SAS
0022500339,2025-12-05,1610612753,1610612748,1,W,0.5780268771504162,W,1,Orlando Magic,ORL,Miami Heat,MIA
0022500357,2025-12-07,1610612753,1610612752,0,L,0.408414838129935,L,1,Orlando Magic,ORL,New York Knicks,NYK
0022501201,2025-12-09,1610612753,1610612748,1,W,0.5910564797933054,W,1,Orlando Magic,ORL,Miami Heat,MIA
0022501229,2025-12-13,1610612753,1610612752,0,L,0.35576013324876615,L,1,Orlando Magic,ORL,New York Knicks,NYK
0022500377,2025-12-18,1610612753,1610612743,0,L,0.3675490846280767,L,1,Orlando Magic,ORL,Denver Nuggets,DEN
0022500393,2025-12-20,1610612753,1610612762,0,W,0.5338764956899344,W,1,Orlando Magic,ORL,Utah Jazz,UTA
0022500407,2025-12-22,1610612753,1610612744,0,L,0.5080789778628084,W,0,Orlando Magic,ORL,Golden State Warriors,GSW
0022500420,2025-12-23,1610612753,1610612757,0,W,0.5208154453465087,W,1,Orlando Magic,ORL,Portland Trail Blazers,POR
0022500424,2025-12-26,1610612753,1610612766,1,L,0.5483487284976127,W,0,Orlando Magic,ORL,Charlotte Hornets,CHA
0022500433,2025-12-27,1610612753,1610612743,1,W,0.3859452509207568,L,0,Orlando Magic,ORL,Denver Nuggets,DEN
0022500451,2025-12-29,1610612753,1610612761,0,L,0.47403040072924146,L,1,Orlando Magic,ORL,Toronto Raptors,TOR
0022500464,2025-12-31,1610612753,1610612754,0,W,0.633698502354145,W,1,Orlando Magic,ORL,Indiana Pacers,IND
0022500480,2026-01-02,1610612753,1610612741,0,L,0.43335629117334895,L,1,Orlando Magic,ORL,Chicago Bulls,CHI
0022500495,2026-01-04,1610612753,1610612754,1,W,0.7708439915666835,W,1,Orlando Magic,ORL,Indiana Pacers,IND
0022500511,2026-01-06,1610612753,1610612764,0,L,0.5010343067835072,W,0,Orlando Magic,ORL,Washington Wizards,WAS
0022500521,2026-01-07,1610612753,1610612751,0,W,0.4749264431105273,L,0,Orlando Magic,ORL,Brooklyn Nets,BKN
0022500533,2026-01-09,1610612753,1610612755,1,L,0.4607403308795224,L,1,Orlando Magic,ORL,Philadelphia 76ers,PHI
0022500548,2026-01-11,1610612753,1610612740,1,W,0.7157386759365489,W,1,Orlando Magic,ORL,New Orleans Pelicans,NOP
0022500578,2026-01-15,1610612753,1610612763,0,W,0.48827337690393136,L,0,Orlando Magic,ORL,Memphis Grizzlies,MEM
0022500602,2026-01-18,1610612753,1610612763,0,L,0.5550762129098613,W,0,Orlando Magic,ORL,Memphis Grizzlies,MEM
0022500627,2026-01-22,1610612753,1610612766,1,L,0.526261362874097,W,0,Orlando Magic,ORL,Charlotte Hornets,CHA
0022500646,2026-01-24,1610612753,1610612739,1,L,0.4961080161666156,L,1,Orlando Magic,ORL,Cleveland Cavaliers,CLE
0022500658,2026-01-26,1610612753,1610612739,0,L,0.30054343168344166,L,1,Orlando Magic,ORL,Cleveland Cavaliers,CLE
0022500674,2026-01-28,1610612753,1610612748,0,W,0.321325089898819,L,0,Orlando Magic,ORL,Miami Heat,MIA
0022500687,2026-01-30,1610612753,1610612761,1,W,0.3804354054888231,L,0,Orlando Magic,ORL,Toronto Raptors,TOR
0022500703,2026-02-01,1610612753,1610612759,0,L,0.3877709243189055,L,1,Orlando Magic,ORL,San Antonio Spurs,SAS
0022500723,2026-02-03,1610612753,1610612760,0,L,0.32659912728040186,L,1,Orlando Magic,ORL,Oklahoma City Thunder,OKC
0022500734,2026-02-05,1610612753,1610612751,1,W,0.6636488394454025,W,1,Orlando Magic,ORL,Brooklyn Nets,BKN
0022500750,2026-02-07,1610612753,1610612762,1,W,0.6382258353773116,W,1,Orlando Magic,ORL,Utah Jazz,UTA
0022500764,2026-02-09,1610612753,1610612749,1,W,0.44571247908501016,L,0,Orlando Magic,ORL,Milwaukee Bucks,MIL
0022500777,2026-02-11,1610612753,1610612749,1,L,0.5728242785048452,W,0,Orlando Magic,ORL,Milwaukee Bucks,MIL
0022500800,2026-02-19,1610612753,1610612758,0,W,0.7007161676114482,W,1,Orlando Magic,ORL,Sacramento Kings,SAC
0022500811,2026-02-21,1610612753,1610612756,0,L,0.5681882875217537,W,0,Orlando Magic,ORL,Phoenix Suns,PHX
0022500827,2026-02-22,1610612753,1610612746,0,W,0.5022317118047827,W,1,Orlando Magic,ORL,Los Angeles Clippers,LAC
0022500840,2026-02-24,1610612753,1610612747,0,W,0.566336599939232,W,1,Orlando Magic,ORL,Los Angeles Lakers,LAL
0022500852,2026-02-26,1610612753,1610612745,1,L,0.5669492126887569,W,0,Orlando Magic,ORL,Houston Rockets,HOU
0022500875,2026-03-01,1610612753,1610612765,1,L,0.5368703764436735,W,0,Orlando Magic,ORL,Detroit Pistons,DET
0022500885,2026-03-03,1610612753,1610612764,1,W,0.7771939123741831,W,1,Orlando Magic,ORL,Washington Wizards,WAS
0022500899,2026-03-05,1610612753,1610612742,1,W,0.7386669520282043,W,1,Orlando Magic,ORL,Dallas Mavericks,DAL
0022500915,2026-03-07,1610612753,1610612750,0,W,0.3819406421540213,L,0,Orlando Magic,ORL,Minnesota Timberwolves,MIN
0022500926,2026-03-08,1610612753,1610612749,0,W,0.6181888448135241,W,1,Orlando Magic,ORL,Milwaukee Bucks,MIL
0022500947,2026-03-11,1610612753,1610612739,1,W,0.6229903629099416,W,1,Orlando Magic,ORL,Cleveland Cavaliers,CLE
0022500955,2026-03-12,1610612753,1610612764,1,W,0.8918954146705256,W,1,Orlando Magic,ORL,Washington Wizards,WAS
0022500972,2026-03-14,1610612753,1610612748,0,W,0.4940905795937959,L,0,Orlando Magic,ORL,Miami Heat,MIA
0022500983,2026-03-16,1610612753,1610612737,0,L,0.44894209024509546,L,1,Orlando Magic,ORL,Atlanta Hawks,ATL
0022500992,2026-03-17,1610612753,1610612760,1,L,0.42950351878024956,L,1,Orlando Magic,ORL,Oklahoma City Thunder,OKC
0022501008,2026-03-19,1610612753,1610612766,0,L,0.4207223141067265,L,1,Orlando Magic,ORL,Charlotte Hornets,CHA
0022501024,2026-03-21,1610612753,1610612747,1,L,0.38096826111156246,L,1,Orlando Magic,ORL,Los Angeles Lakers,LAL
0022501039,2026-03-23,1610612753,1610612754,1,L,0.7564933926599566,W,0,Orlando Magic,ORL,Indiana Pacers,IND
0022501049,2026-03-24,1610612753,1610612739,0,L,0.2577027828795567,L,1,Orlando Magic,ORL,Cleveland Cavaliers,CLE
0022501065,2026-03-26,1610612753,1610612758,1,W,0.5360726372153974,W,1,Orlando Magic,ORL,Sacramento Kings,SAC
0022501086,2026-03-29,1610612753,1610612761,0,L,0.439254036605282,L,1,Orlando Magic,ORL,Toronto Raptors,TOR
0022501099,2026-03-31,1610612753,1610612756,1,W,0.353721799270279,L,0,Orlando Magic,ORL,Phoenix Suns,PHX
0022501107,2026-04-01,1610612753,1610612737,1,L,0.24017469283462486,L,1,Orlando Magic,ORL,Atlanta Hawks,ATL
0022501127,2026-04-03,1610612753,1610612742,0,W,0.403637653963949,L,0,Orlando Magic,ORL,Dallas Mavericks,DAL
0022501138,2026-04-05,1610612753,1610612740,0,W,0.40791769454936444,L,0,Orlando Magic,ORL,New Orleans Pelicans,NOP
0022501144,2026-04-06,1610612753,1610612765,1,W,0.2137327969765068,L,0,Orlando Magic,ORL,Detroit Pistons,DET
0022501159,2026-04-08,1610612753,1610612750,1,W,0.49434896497343167,L,0,Orlando Magic,ORL,Minnesota Timberwolves,MIN
0022501177,2026-04-10,1610612753,1610612741,0,W,0.6222664831928636,W,1,Orlando Magic,ORL,Chicago Bulls,CHI
0022501186,2026-04-12,1610612753,1610612738,0,L,0.3532070799041043,L,1,Orlando Magic,ORL,Boston Celtics,BOS
0022500144,2025-11-01,1610612754,1610612744,1,W,0.2848693291526263,L,0,Indiana Pacers,IND,Golden State Warriors,GSW
0022500157,2025-11-03,1610612754,1610612749,1,L,0.36936647587139654,L,1,Indiana Pacers,IND,Milwaukee Bucks,MIL
0022500173,2025-11-05,1610612754,1610612751,1,L,0.6662724302182814,W,0,Indiana Pacers,IND,Brooklyn Nets,BKN
0022500189,2025-11-08,1610612754,1610612743,0,L,0.23047180359885935,L,1,Indiana Pacers,IND,Denver Nuggets,DEN
0022500196,2025-11-09,1610612754,1610612744,0,L,0.3482201565045695,L,1,Indiana Pacers,IND,Golden State Warriors,GSW
0022500211,2025-11-11,1610612754,1610612762,0,L,0.42695260772004234,L,1,Indiana Pacers,IND,Utah Jazz,UTA
0022500226,2025-11-13,1610612754,1610612756,0,L,0.2599865264183089,L,1,Indiana Pacers,IND,Phoenix Suns,PHX
0022500230,2025-11-15,1610612754,1610612761,1,L,0.1998926703809225,L,1,Indiana Pacers,IND,Toronto Raptors,TOR
0022500242,2025-11-17,1610612754,1610612765,0,L,0.13286664551734678,L,1,Indiana Pacers,IND,Detroit Pistons,DET
0022500256,2025-11-19,1610612754,1610612766,1,W,0.4002243060489869,L,0,Indiana Pacers,IND,Charlotte Hornets,CHA
0022500048,2025-11-21,1610612754,1610612739,0,L,0.2020264710769636,L,1,Indiana Pacers,IND,Cleveland Cavaliers,CLE
0022500283,2025-11-24,1610612754,1610612765,1,L,0.16740242774256667,L,1,Indiana Pacers,IND,Detroit Pistons,DET
0022500063,2025-11-26,1610612754,1610612761,0,L,0.13630785698281295,L,1,Indiana Pacers,IND,Toronto Raptors,TOR
0022500073,2025-11-28,1610612754,1610612764,1,W,0.541912158314755,W,1,Indiana Pacers,IND,Washington Wizards,WAS
0022500295,2025-11-29,1610612754,1610612741,1,W,0.6585268981057345,W,1,Indiana Pacers,IND,Chicago Bulls,CHI
0022500310,2025-12-01,1610612754,1610612739,1,L,0.5385233174539517,W,0,Indiana Pacers,IND,Cleveland Cavaliers,CLE
0022500325,2025-12-03,1610612754,1610612743,1,L,0.500653594896385,W,0,Indiana Pacers,IND,Denver Nuggets,DEN
0022500345,2025-12-05,1610612754,1610612741,0,W,0.49449803404453746,L,0,Indiana Pacers,IND,Chicago Bulls,CHI
0022500364,2025-12-08,1610612754,1610612758,1,W,0.6078361455967196,W,1,Indiana Pacers,IND,Sacramento Kings,SAC
0022501211,2025-12-12,1610612754,1610612755,0,L,0.40667567977715097,L,1,Indiana Pacers,IND,Philadelphia 76ers,PHI
0022501216,2025-12-14,1610612754,1610612764,1,L,0.731367590722861,W,0,Indiana Pacers,IND,Washington Wizards,WAS
0022500372,2025-12-18,1610612754,1610612752,1,L,0.2707892535063804,L,1,Indiana Pacers,IND,New York Knicks,NYK
0022500389,2025-12-20,1610612754,1610612740,0,L,0.5082547389526414,W,0,Indiana Pacers,IND,New Orleans Pelicans,NOP
0022500403,2025-12-22,1610612754,1610612738,0,L,0.31950860371964435,L,1,Indiana Pacers,IND,Boston Celtics,BOS
0022500413,2025-12-23,1610612754,1610612749,1,L,0.5969218385523769,W,0,Indiana Pacers,IND,Milwaukee Bucks,MIL
0022500426,2025-12-26,1610612754,1610612738,1,L,0.2834335773116485,L,1,Indiana Pacers,IND,Boston Celtics,BOS
0022500436,2025-12-27,1610612754,1610612748,0,L,0.42734206332897795,L,1,Indiana Pacers,IND,Miami Heat,MIA
0022500453,2025-12-29,1610612754,1610612745,0,L,0.2306066438651123,L,1,Indiana Pacers,IND,Houston Rockets,HOU
0022500464,2025-12-31,1610612754,1610612753,1,L,0.35266195411385926,L,1,Indiana Pacers,IND,Orlando Magic,ORL
0022500476,2026-01-02,1610612754,1610612759,1,L,0.18903525977646574,L,1,Indiana Pacers,IND,San Antonio Spurs,SAS
0022500495,2026-01-04,1610612754,1610612753,0,L,0.22959502655915712,L,1,Indiana Pacers,IND,Orlando Magic,ORL
0022500510,2026-01-06,1610612754,1610612739,1,L,0.2877573525867743,L,1,Indiana Pacers,IND,Cleveland Cavaliers,CLE
0022500528,2026-01-08,1610612754,1610612766,0,W,0.25584262279122616,L,0,Indiana Pacers,IND,Charlotte Hornets,CHA
0022500543,2026-01-10,1610612754,1610612748,1,W,0.3657017847357169,L,0,Indiana Pacers,IND,Miami Heat,MIA
0022500559,2026-01-12,1610612754,1610612738,1,W,0.26255965424774985,L,0,Indiana Pacers,IND,Boston Celtics,BOS
0022500571,2026-01-14,1610612754,1610612761,1,L,0.4225188261550844,L,1,Indiana Pacers,IND,Toronto Raptors,TOR
0022500588,2026-01-16,1610612754,1610612740,1,W,0.6068454961535622,W,1,Indiana Pacers,IND,New Orleans Pelicans,NOP
0022500595,2026-01-17,1610612754,1610612765,0,L,0.36594883513566745,L,1,Indiana Pacers,IND,Detroit Pistons,DET
0022500609,2026-01-19,1610612754,1610612755,0,L,0.39343546162600723,L,1,Indiana Pacers,IND,Philadelphia 76ers,PHI
0022500621,2026-01-21,1610612754,1610612738,0,L,0.2918710148478916,L,1,Indiana Pacers,IND,Boston Celtics,BOS
0022500641,2026-01-23,1610612754,1610612760,0,W,0.202504290485965,L,0,Indiana Pacers,IND,Oklahoma City Thunder,OKC
0022500659,2026-01-26,1610612754,1610612737,0,L,0.4388472409730335,L,1,Indiana Pacers,IND,Atlanta Hawks,ATL
0022500672,2026-01-28,1610612754,1610612741,1,W,0.31723499758771856,L,0,Indiana Pacers,IND,Chicago Bulls,CHI
0022500698,2026-01-31,1610612754,1610612737,1,W,0.5018404724401687,W,1,Indiana Pacers,IND,Atlanta Hawks,ATL
0022500713,2026-02-02,1610612754,1610612745,1,L,0.3857840642872179,L,1,Indiana Pacers,IND,Houston Rockets,HOU
0022500717,2026-02-03,1610612754,1610612762,1,L,0.7154140051131727,W,0,Indiana Pacers,IND,Utah Jazz,UTA
0022500743,2026-02-06,1610612754,1610612749,0,L,0.471163315231768,L,1,Indiana Pacers,IND,Milwaukee Bucks,MIL
0022500759,2026-02-08,1610612754,1610612761,0,L,0.38622797476411,L,1,Indiana Pacers,IND,Toronto Raptors,TOR
0022500771,2026-02-10,1610612754,1610612752,0,W,0.1683019900472921,L,0,Indiana Pacers,IND,New York Knicks,NYK
0022500779,2026-02-11,1610612754,1610612751,0,W,0.5494265899027112,W,1,Indiana Pacers,IND,Brooklyn Nets,BKN
0022500795,2026-02-19,1610612754,1610612764,0,L,0.6518441329637642,W,0,Indiana Pacers,IND,Washington Wizards,WAS
0022500803,2026-02-20,1610612754,1610612764,0,L,0.4975337792403668,L,1,Indiana Pacers,IND,Washington Wizards,WAS
0022500821,2026-02-22,1610612754,1610612742,1,L,0.6748118862078932,W,0,Indiana Pacers,IND,Dallas Mavericks,DAL
0022500831,2026-02-24,1610612754,1610612755,1,L,0.5120610651686417,W,0,Indiana Pacers,IND,Philadelphia 76ers,PHI
0022500848,2026-02-26,1610612754,1610612766,1,L,0.24956792220838647,L,1,Indiana Pacers,IND,Charlotte Hornets,CHA
0022500872,2026-03-01,1610612754,1610612763,1,L,0.44552966905316055,L,1,Indiana Pacers,IND,Memphis Grizzlies,MEM
0022500898,2026-03-04,1610612754,1610612746,0,L,0.19818107458312775,L,1,Indiana Pacers,IND,Los Angeles Clippers,LAC
0022500914,2026-03-06,1610612754,1610612747,0,L,0.23028070579779497,L,1,Indiana Pacers,IND,Los Angeles Lakers,LAL
0022500929,2026-03-08,1610612754,1610612757,0,L,0.3362918450755609,L,1,Indiana Pacers,IND,Portland Trail Blazers,POR
0022500945,2026-03-10,1610612754,1610612758,0,L,0.27896024689806065,L,1,Indiana Pacers,IND,Sacramento Kings,SAC
0022500954,2026-03-12,1610612754,1610612756,1,L,0.24072723821429293,L,1,Indiana Pacers,IND,Phoenix Suns,PHX
0022500962,2026-03-13,1610612754,1610612752,1,L,0.23699376245874018,L,1,Indiana Pacers,IND,New York Knicks,NYK
0022500979,2026-03-15,1610612754,1610612749,0,L,0.4143655863369623,L,1,Indiana Pacers,IND,Milwaukee Bucks,MIL
0022500994,2026-03-17,1610612754,1610612752,0,L,0.19287149812165422,L,1,Indiana Pacers,IND,New York Knicks,NYK
0022501001,2026-03-18,1610612754,1610612757,1,L,0.2905961853415168,L,1,Indiana Pacers,IND,Portland Trail Blazers,POR
0022501028,2026-03-21,1610612754,1610612759,0,L,0.13108607959880217,L,1,Indiana Pacers,IND,San Antonio Spurs,SAS
0022501039,2026-03-23,1610612754,1610612753,0,W,0.24931817062564623,L,0,Indiana Pacers,IND,Orlando Magic,ORL
0022501052,2026-03-25,1610612754,1610612747,1,L,0.19968444603909535,L,1,Indiana Pacers,IND,Los Angeles Lakers,LAL
0022501066,2026-03-27,1610612754,1610612746,1,L,0.3120615101415706,L,1,Indiana Pacers,IND,Los Angeles Clippers,LAC
0022501083,2026-03-29,1610612754,1610612748,1,W,0.4848900762404711,L,0,Indiana Pacers,IND,Miami Heat,MIA
0022501109,2026-04-01,1610612754,1610612741,0,W,0.47593106009291314,L,0,Indiana Pacers,IND,Chicago Bulls,CHI
0022501120,2026-04-03,1610612754,1610612766,0,L,0.28131860424268823,L,1,Indiana Pacers,IND,Charlotte Hornets,CHA
0022501136,2026-04-05,1610612754,1610612739,0,L,0.306433572143832,L,1,Indiana Pacers,IND,Cleveland Cavaliers,CLE
0022501152,2026-04-07,1610612754,1610612750,1,L,0.5313752791426929,W,0,Indiana Pacers,IND,Minnesota Timberwolves,MIN
0022501167,2026-04-09,1610612754,1610612751,0,W,0.474552608764048,L,0,Indiana Pacers,IND,Brooklyn Nets,BKN
0022501175,2026-04-10,1610612754,1610612755,1,L,0.5167537824024138,W,0,Indiana Pacers,IND,Philadelphia 76ers,PHI
0022501188,2026-04-12,1610612754,1610612765,1,L,0.36356889452104785,L,1,Indiana Pacers,IND,Detroit Pistons,DET
0022500149,2025-11-02,1610612755,1610612751,0,W,0.7897001008864082,W,1,Philadelphia 76ers,PHI,Brooklyn Nets,BKN
0022500167,2025-11-04,1610612755,1610612741,0,L,0.4446130958519511,L,1,Philadelphia 76ers,PHI,Chicago Bulls,CHI
0022500171,2025-11-05,1610612755,1610612739,0,L,0.5140922427309151,W,0,Philadelphia 76ers,PHI,Cleveland Cavaliers,CLE
0022500184,2025-11-08,1610612755,1610612761,1,W,0.5044950788249116,W,1,Philadelphia 76ers,PHI,Toronto Raptors,TOR
0022500195,2025-11-09,1610612755,1610612765,1,L,0.41276046039409575,L,1,Philadelphia 76ers,PHI,Detroit Pistons,DET
0022500209,2025-11-11,1610612755,1610612738,1,W,0.5602110366652899,W,1,Philadelphia 76ers,PHI,Boston Celtics,BOS
0022500041,2025-11-14,1610612755,1610612765,0,L,0.32811491423922,L,1,Philadelphia 76ers,PHI,Detroit Pistons,DET
0022500243,2025-11-17,1610612755,1610612746,1,W,0.7090007403385715,W,1,Philadelphia 76ers,PHI,Los Angeles Clippers,LAC
0022500258,2025-11-19,1610612755,1610612761,1,L,0.40578261667626897,L,1,Philadelphia 76ers,PHI,Toronto Raptors,TOR
0022500266,2025-11-20,1610612755,1610612749,0,W,0.4990205225086142,L,0,Philadelphia 76ers,PHI,Milwaukee Bucks,MIL
0022500275,2025-11-23,1610612755,1610612748,1,L,0.49027087039430295,L,1,Philadelphia 76ers,PHI,Miami Heat,MIA
0022500058,2025-11-25,1610612755,1610612753,1,L,0.3871575426145201,L,1,Philadelphia 76ers,PHI,Orlando Magic,ORL
0022500070,2025-11-28,1610612755,1610612751,0,W,0.42163288747539196,L,0,Philadelphia 76ers,PHI,Brooklyn Nets,BKN
0022500304,2025-11-30,1610612755,1610612737,1,L,0.3970495522021497,L,1,Philadelphia 76ers,PHI,Atlanta Hawks,ATL
0022500318,2025-12-02,1610612755,1610612764,1,W,0.6093419381777132,W,1,Philadelphia 76ers,PHI,Washington Wizards,WAS
0022500333,2025-12-04,1610612755,1610612744,1,W,0.4651262645715472,L,0,Philadelphia 76ers,PHI,Golden State Warriors,GSW
0022500348,2025-12-05,1610612755,1610612749,0,W,0.4794065110866256,L,0,Philadelphia 76ers,PHI,Milwaukee Bucks,MIL
0022500362,2025-12-07,1610612755,1610612747,1,L,0.5442638047415189,W,0,Philadelphia 76ers,PHI,Los Angeles Lakers,LAL
0022501211,2025-12-12,1610612755,1610612754,1,W,0.5749892460123507,W,1,Philadelphia 76ers,PHI,Indiana Pacers,IND
0022501217,2025-12-14,1610612755,1610612737,0,L,0.6442573824497152,W,0,Philadelphia 76ers,PHI,Atlanta Hawks,ATL
0022500382,2025-12-19,1610612755,1610612752,0,W,0.2856369933064531,L,0,Philadelphia 76ers,PHI,New York Knicks,NYK
0022500387,2025-12-20,1610612755,1610612742,1,W,0.5779899453093341,W,1,Philadelphia 76ers,PHI,Dallas Mavericks,DAL
0022500410,2025-12-23,1610612755,1610612751,1,L,0.6020154266314258,W,0,Philadelphia 76ers,PHI,Brooklyn Nets,BKN
0022500427,2025-12-26,1610612755,1610612741,0,L,0.5156439295252886,W,0,Philadelphia 76ers,PHI,Chicago Bulls,CHI
0022500442,2025-12-28,1610612755,1610612760,0,L,0.44118524094461026,L,1,Philadelphia 76ers,PHI,Oklahoma City Thunder,OKC
0022500458,2025-12-30,1610612755,1610612763,0,W,0.419032650319059,L,0,Philadelphia 76ers,PHI,Memphis Grizzlies,MEM
0022500473,2026-01-01,1610612755,1610612742,0,W,0.45153975068780106,L,0,Philadelphia 76ers,PHI,Dallas Mavericks,DAL
0022500487,2026-01-03,1610612755,1610612752,0,W,0.39597191189487674,L,0,Philadelphia 76ers,PHI,New York Knicks,NYK
0022500507,2026-01-05,1610612755,1610612743,1,L,0.6237330700655659,W,0,Philadelphia 76ers,PHI,Denver Nuggets,DEN
0022500518,2026-01-07,1610612755,1610612764,1,W,0.5368546135876257,W,1,Philadelphia 76ers,PHI,Washington Wizards,WAS
0022500533,2026-01-09,1610612755,1610612753,0,W,0.5209781701417211,W,1,Philadelphia 76ers,PHI,Orlando Magic,ORL
0022500550,2026-01-11,1610612755,1610612761,0,L,0.47289377634011953,L,1,Philadelphia 76ers,PHI,Toronto Raptors,TOR
0022500560,2026-01-12,1610612755,1610612761,0,W,0.37045536649052313,L,0,Philadelphia 76ers,PHI,Toronto Raptors,TOR
0022500572,2026-01-14,1610612755,1610612739,1,L,0.6406450489394171,W,0,Philadelphia 76ers,PHI,Cleveland Cavaliers,CLE
0022500589,2026-01-16,1610612755,1610612739,1,L,0.5305100328397314,W,0,Philadelphia 76ers,PHI,Cleveland Cavaliers,CLE
0022500609,2026-01-19,1610612755,1610612754,1,W,0.6032665557473302,W,1,Philadelphia 76ers,PHI,Indiana Pacers,IND
0022500613,2026-01-20,1610612755,1610612756,1,L,0.47787641775024375,L,1,Philadelphia 76ers,PHI,Phoenix Suns,PHX
0022500628,2026-01-22,1610612755,1610612745,1,W,0.47388506285391513,L,0,Philadelphia 76ers,PHI,Houston Rockets,HOU
0022500643,2026-01-24,1610612755,1610612752,1,L,0.5426336302027958,W,0,Philadelphia 76ers,PHI,New York Knicks,NYK
0022500657,2026-01-26,1610612755,1610612766,0,L,0.40766665227360144,L,1,Philadelphia 76ers,PHI,Charlotte Hornets,CHA
0022500666,2026-01-27,1610612755,1610612749,1,W,0.526414507291261,W,1,Philadelphia 76ers,PHI,Milwaukee Bucks,MIL
0022500680,2026-01-29,1610612755,1610612758,1,W,0.5619933340089961,W,1,Philadelphia 76ers,PHI,Sacramento Kings,SAC
0022500699,2026-01-31,1610612755,1610612740,1,W,0.5154638507859894,W,1,Philadelphia 76ers,PHI,New Orleans Pelicans,NOP
0022500715,2026-02-02,1610612755,1610612746,0,W,0.2986126887193077,L,0,Philadelphia 76ers,PHI,Los Angeles Clippers,LAC
0022500724,2026-02-03,1610612755,1610612744,0,W,0.44986734617530355,L,0,Philadelphia 76ers,PHI,Golden State Warriors,GSW
0022500740,2026-02-05,1610612755,1610612747,0,L,0.5752594687651347,W,0,Philadelphia 76ers,PHI,Los Angeles Lakers,LAL
0022500754,2026-02-07,1610612755,1610612756,0,W,0.483869269683605,L,0,Philadelphia 76ers,PHI,Phoenix Suns,PHX
0022500770,2026-02-09,1610612755,1610612757,0,L,0.7173297475460721,W,0,Philadelphia 76ers,PHI,Portland Trail Blazers,POR
0022500780,2026-02-11,1610612755,1610612752,1,L,0.4861551434391845,L,1,Philadelphia 76ers,PHI,New York Knicks,NYK
0022500794,2026-02-19,1610612755,1610612737,1,L,0.5534906212388269,W,0,Philadelphia 76ers,PHI,Atlanta Hawks,ATL
0022500812,2026-02-21,1610612755,1610612740,0,L,0.4558436495812102,L,1,Philadelphia 76ers,PHI,New Orleans Pelicans,NOP
0022500824,2026-02-22,1610612755,1610612750,0,W,0.27994723490334505,L,0,Philadelphia 76ers,PHI,Minnesota Timberwolves,MIN
0022500831,2026-02-24,1610612755,1610612754,0,W,0.4883305752072482,L,0,Philadelphia 76ers,PHI,Indiana Pacers,IND
0022500849,2026-02-26,1610612755,1610612748,1,W,0.4135567842812915,L,0,Philadelphia 76ers,PHI,Miami Heat,MIA
0022500874,2026-03-01,1610612755,1610612738,0,L,0.2611786801339693,L,1,Philadelphia 76ers,PHI,Boston Celtics,BOS
0022500888,2026-03-03,1610612755,1610612759,1,L,0.40057795977462257,L,1,Philadelphia 76ers,PHI,San Antonio Spurs,SAS
0022500895,2026-03-04,1610612755,1610612762,1,W,0.6786421437313808,W,1,Philadelphia 76ers,PHI,Utah Jazz,UTA
0022500917,2026-03-07,1610612755,1610612737,0,L,0.2580261483892682,L,1,Philadelphia 76ers,PHI,Atlanta Hawks,ATL
0022500931,2026-03-09,1610612755,1610612739,0,L,0.3449413302313389,L,1,Philadelphia 76ers,PHI,Cleveland Cavaliers,CLE
0022500936,2026-03-10,1610612755,1610612763,1,W,0.5763909762538374,W,1,Philadelphia 76ers,PHI,Memphis Grizzlies,MEM
0022500953,2026-03-12,1610612755,1610612765,0,L,0.37998875979704555,L,1,Philadelphia 76ers,PHI,Detroit Pistons,DET
0022500969,2026-03-14,1610612755,1610612751,1,W,0.6643007605411093,W,1,Philadelphia 76ers,PHI,Brooklyn Nets,BKN
0022500980,2026-03-15,1610612755,1610612757,1,W,0.4639366256232783,L,0,Philadelphia 76ers,PHI,Portland Trail Blazers,POR
0022500997,2026-03-17,1610612755,1610612743,0,L,0.45643658601518583,L,1,Philadelphia 76ers,PHI,Denver Nuggets,DEN
0022501015,2026-03-19,1610612755,1610612758,0,W,0.3686312775630353,L,0,Philadelphia 76ers,PHI,Sacramento Kings,SAC
0022501030,2026-03-21,1610612755,1610612762,0,W,0.5801821831021332,W,1,Philadelphia 76ers,PHI,Utah Jazz,UTA
0022501040,2026-03-23,1610612755,1610612760,1,L,0.3796047516423394,L,1,Philadelphia 76ers,PHI,Oklahoma City Thunder,OKC
0022501053,2026-03-25,1610612755,1610612741,1,W,0.6232090852095953,W,1,Philadelphia 76ers,PHI,Chicago Bulls,CHI
0022501077,2026-03-28,1610612755,1610612766,0,W,0.3191507331241619,L,0,Philadelphia 76ers,PHI,Charlotte Hornets,CHA
0022501091,2026-03-30,1610612755,1610612748,0,L,0.6935858070188583,W,0,Philadelphia 76ers,PHI,Miami Heat,MIA
0022501105,2026-04-01,1610612755,1610612764,0,W,0.7252598858639057,W,1,Philadelphia 76ers,PHI,Washington Wizards,WAS
0022501121,2026-04-03,1610612755,1610612750,1,W,0.5546004255669436,W,1,Philadelphia 76ers,PHI,Minnesota Timberwolves,MIN
0022501131,2026-04-04,1610612755,1610612765,1,L,0.5081600745596033,W,0,Philadelphia 76ers,PHI,Detroit Pistons,DET
0022501146,2026-04-06,1610612755,1610612759,0,L,0.3168069817217164,L,1,Philadelphia 76ers,PHI,San Antonio Spurs,SAS
0022501169,2026-04-09,1610612755,1610612745,0,L,0.31518672461405356,L,1,Philadelphia 76ers,PHI,Houston Rockets,HOU
0022501175,2026-04-10,1610612755,1610612754,0,W,0.4363139467087698,L,0,Philadelphia 76ers,PHI,Indiana Pacers,IND
0022501191,2026-04-12,1610612755,1610612749,1,W,0.6586153270387093,W,1,Philadelphia 76ers,PHI,Milwaukee Bucks,MIL
0022500154,2025-11-02,1610612756,1610612759,1,W,0.1901214847737072,L,0,Phoenix Suns,PHX,San Antonio Spurs,SAS
0022500169,2025-11-04,1610612756,1610612744,0,L,0.4213114875051636,L,1,Phoenix Suns,PHX,Golden State Warriors,GSW
0022500182,2025-11-06,1610612756,1610612746,1,W,0.5463155637213145,W,1,Phoenix Suns,PHX,Los Angeles Clippers,LAC
0022500190,2025-11-08,1610612756,1610612746,0,W,0.5381980373722453,W,1,Phoenix Suns,PHX,Los Angeles Clippers,LAC
0022500204,2025-11-10,1610612756,1610612740,1,W,0.69007852249642,W,1,Phoenix Suns,PHX,New Orleans Pelicans,NOP
0022500221,2025-11-12,1610612756,1610612742,0,W,0.5405634270667524,W,1,Phoenix Suns,PHX,Dallas Mavericks,DAL
0022500226,2025-11-13,1610612756,1610612754,1,W,0.7818141680078198,W,1,Phoenix Suns,PHX,Indiana Pacers,IND
0022500239,2025-11-16,1610612756,1610612737,1,L,0.6198588919516034,W,0,Phoenix Suns,PHX,Atlanta Hawks,ATL
0022500254,2025-11-18,1610612756,1610612757,0,W,0.6232599354942386,W,1,Phoenix Suns,PHX,Portland Trail Blazers,POR
0022500053,2025-11-21,1610612756,1610612750,1,W,0.5438564459803549,W,1,Phoenix Suns,PHX,Minnesota Timberwolves,MIN
0022500281,2025-11-23,1610612756,1610612759,1,W,0.6046541866438577,W,1,Phoenix Suns,PHX,San Antonio Spurs,SAS
0022500290,2025-11-24,1610612756,1610612745,1,L,0.4801774761008197,L,1,Phoenix Suns,PHX,Houston Rockets,HOU
0022500068,2025-11-26,1610612756,1610612758,0,W,0.6457271295770481,W,1,Phoenix Suns,PHX,Sacramento Kings,SAC
0022500075,2025-11-28,1610612756,1610612760,0,L,0.2928592240285176,L,1,Phoenix Suns,PHX,Oklahoma City Thunder,OKC
0022500299,2025-11-29,1610612756,1610612743,1,L,0.5799445068892121,W,0,Phoenix Suns,PHX,Denver Nuggets,DEN
0022500317,2025-12-01,1610612756,1610612747,0,W,0.3195307567636595,L,0,Phoenix Suns,PHX,Los Angeles Lakers,LAL
0022500346,2025-12-05,1610612756,1610612745,0,L,0.2902297235855003,L,1,Phoenix Suns,PHX,Houston Rockets,HOU
0022500365,2025-12-08,1610612756,1610612750,0,W,0.38752992608307685,L,0,Phoenix Suns,PHX,Minnesota Timberwolves,MIN
0022501203,2025-12-10,1610612756,1610612760,0,L,0.24675095221098411,L,1,Phoenix Suns,PHX,Oklahoma City Thunder,OKC
0022501228,2025-12-14,1610612756,1610612747,1,L,0.4557172941481065,L,1,Phoenix Suns,PHX,Los Angeles Lakers,LAL
0022500378,2025-12-18,1610612756,1610612744,1,W,0.4744850252485143,L,0,Phoenix Suns,PHX,Golden State Warriors,GSW
0022500392,2025-12-20,1610612756,1610612744,0,L,0.3540153591464613,L,1,Phoenix Suns,PHX,Golden State Warriors,GSW
0022500418,2025-12-23,1610612756,1610612747,1,W,0.40183481806163596,L,0,Phoenix Suns,PHX,Los Angeles Lakers,LAL
0022500429,2025-12-26,1610612756,1610612740,0,W,0.33941408116662886,L,0,Phoenix Suns,PHX,New Orleans Pelicans,NOP
0022500434,2025-12-27,1610612756,1610612740,0,W,0.46907203021290766,L,0,Phoenix Suns,PHX,New Orleans Pelicans,NOP
0022500448,2025-12-29,1610612756,1610612764,0,W,0.49751934557991867,L,0,Phoenix Suns,PHX,Washington Wizards,WAS
0022500465,2025-12-31,1610612756,1610612739,0,L,0.5619553715300343,W,0,Phoenix Suns,PHX,Cleveland Cavaliers,CLE
0022500483,2026-01-02,1610612756,1610612758,1,W,0.7910943596229671,W,1,Phoenix Suns,PHX,Sacramento Kings,SAC
0022500499,2026-01-04,1610612756,1610612760,1,W,0.5134255172510163,W,1,Phoenix Suns,PHX,Oklahoma City Thunder,OKC
0022500505,2026-01-05,1610612756,1610612745,0,L,0.4812504956873367,L,1,Phoenix Suns,PHX,Houston Rockets,HOU
0022500524,2026-01-07,1610612756,1610612763,0,W,0.6879641117009669,W,1,Phoenix Suns,PHX,Memphis Grizzlies,MEM
0022500538,2026-01-09,1610612756,1610612752,1,W,0.6961137085745437,W,1,Phoenix Suns,PHX,New York Knicks,NYK
0022500555,2026-01-11,1610612756,1610612764,1,W,0.7865461295089888,W,1,Phoenix Suns,PHX,Washington Wizards,WAS
0022500564,2026-01-13,1610612756,1610612748,0,L,0.7305354590968569,W,0,Phoenix Suns,PHX,Miami Heat,MIA
0022500579,2026-01-15,1610612756,1610612765,0,L,0.4308526246892175,L,1,Phoenix Suns,PHX,Detroit Pistons,DET
0022500596,2026-01-17,1610612756,1610612752,0,W,0.5907487282153797,W,1,Phoenix Suns,PHX,New York Knicks,NYK
0022500610,2026-01-19,1610612756,1610612751,0,W,0.6459548715184074,W,1,Phoenix Suns,PHX,Brooklyn Nets,BKN
0022500613,2026-01-20,1610612756,1610612755,0,W,0.5549071265813229,W,1,Phoenix Suns,PHX,Philadelphia 76ers,PHI
0022500636,2026-01-23,1610612756,1610612737,0,L,0.6492509248066537,W,0,Phoenix Suns,PHX,Atlanta Hawks,ATL
0022500655,2026-01-25,1610612756,1610612748,1,L,0.6239652223659313,W,0,Phoenix Suns,PHX,Miami Heat,MIA
0022500669,2026-01-27,1610612756,1610612751,1,W,0.8196355496980778,W,1,Phoenix Suns,PHX,Brooklyn Nets,BKN
0022500685,2026-01-29,1610612756,1610612765,1,W,0.4358709004411474,L,0,Phoenix Suns,PHX,Detroit Pistons,DET
0022500693,2026-01-30,1610612756,1610612739,1,W,0.35810382536455976,L,0,Phoenix Suns,PHX,Cleveland Cavaliers,CLE
0022500709,2026-02-01,1610612756,1610612746,1,L,0.5034880973856575,W,0,Phoenix Suns,PHX,Los Angeles Clippers,LAC
0022500725,2026-02-03,1610612756,1610612757,0,W,0.6139609676662118,W,1,Phoenix Suns,PHX,Portland Trail Blazers,POR
0022500739,2026-02-05,1610612756,1610612744,1,L,0.669670728487602,W,0,Phoenix Suns,PHX,Golden State Warriors,GSW
0022500754,2026-02-07,1610612756,1610612755,1,L,0.5029624436692106,W,0,Phoenix Suns,PHX,Philadelphia 76ers,PHI
0022500773,2026-02-10,1610612756,1610612742,1,W,0.6052662287977255,W,1,Phoenix Suns,PHX,Dallas Mavericks,DAL
0022500785,2026-02-11,1610612756,1610612760,1,L,0.4924821884397254,L,1,Phoenix Suns,PHX,Oklahoma City Thunder,OKC
0022500798,2026-02-19,1610612756,1610612759,0,L,0.2675106427470606,L,1,Phoenix Suns,PHX,San Antonio Spurs,SAS
0022500811,2026-02-21,1610612756,1610612753,1,W,0.425213630609538,L,0,Phoenix Suns,PHX,Orlando Magic,ORL
0022500826,2026-02-22,1610612756,1610612757,1,L,0.6573092429530032,W,0,Phoenix Suns,PHX,Portland Trail Blazers,POR
0022500839,2026-02-24,1610612756,1610612738,1,L,0.323305178967735,L,1,Phoenix Suns,PHX,Boston Celtics,BOS
0022500855,2026-02-26,1610612756,1610612747,1,W,0.45369629911064796,L,0,Phoenix Suns,PHX,Los Angeles Lakers,LAL
0022500892,2026-03-03,1610612756,1610612758,0,W,0.6268096668596362,W,1,Phoenix Suns,PHX,Sacramento Kings,SAC
0022500905,2026-03-05,1610612756,1610612741,1,L,0.7231121231688127,W,0,Phoenix Suns,PHX,Chicago Bulls,CHI
0022500912,2026-03-06,1610612756,1610612740,1,W,0.4686497535856835,L,0,Phoenix Suns,PHX,New Orleans Pelicans,NOP
0022500928,2026-03-08,1610612756,1610612766,1,W,0.3912355844724881,L,0,Phoenix Suns,PHX,Charlotte Hornets,CHA
0022500941,2026-03-10,1610612756,1610612749,0,W,0.637087235760639,W,1,Phoenix Suns,PHX,Milwaukee Bucks,MIL
0022500954,2026-03-12,1610612756,1610612754,0,W,0.7584943513570548,W,1,Phoenix Suns,PHX,Indiana Pacers,IND
0022500963,2026-03-13,1610612756,1610612761,0,L,0.6336805406417377,W,0,Phoenix Suns,PHX,Toronto Raptors,TOR
0022500986,2026-03-16,1610612756,1610612738,0,L,0.44583929197425404,L,1,Phoenix Suns,PHX,Boston Celtics,BOS
0022500996,2026-03-17,1610612756,1610612750,0,L,0.6261481284137396,W,0,Phoenix Suns,PHX,Minnesota Timberwolves,MIN
0022501013,2026-03-19,1610612756,1610612759,0,L,0.31002467869721717,L,1,Phoenix Suns,PHX,San Antonio Spurs,SAS
0022501031,2026-03-21,1610612756,1610612749,1,L,0.7197368429883565,W,0,Phoenix Suns,PHX,Milwaukee Bucks,MIL
0022501036,2026-03-22,1610612756,1610612761,1,W,0.42736154594021036,L,0,Phoenix Suns,PHX,Toronto Raptors,TOR
0022501050,2026-03-24,1610612756,1610612743,1,L,0.5037659782491578,W,0,Phoenix Suns,PHX,Denver Nuggets,DEN
0022501081,2026-03-28,1610612756,1610612762,1,W,0.7286383078541182,W,1,Phoenix Suns,PHX,Utah Jazz,UTA
0022501093,2026-03-30,1610612756,1610612763,0,W,0.726452749206347,W,1,Phoenix Suns,PHX,Memphis Grizzlies,MEM
0022501099,2026-03-31,1610612756,1610612753,0,L,0.6710504116289115,W,0,Phoenix Suns,PHX,Orlando Magic,ORL
0022501114,2026-04-02,1610612756,1610612766,0,L,0.2979497348560282,L,1,Phoenix Suns,PHX,Charlotte Hornets,CHA
0022501134,2026-04-05,1610612756,1610612741,0,W,0.6670457090701714,W,1,Phoenix Suns,PHX,Chicago Bulls,CHI
0022501157,2026-04-07,1610612756,1610612745,1,L,0.29872701320063527,L,1,Phoenix Suns,PHX,Houston Rockets,HOU
0022501164,2026-04-08,1610612756,1610612742,1,W,0.662652115943394,W,1,Phoenix Suns,PHX,Dallas Mavericks,DAL
0022501185,2026-04-10,1610612756,1610612747,0,L,0.4172144201716561,L,1,Phoenix Suns,PHX,Los Angeles Lakers,LAL
0022501196,2026-04-12,1610612756,1610612760,0,W,0.1984499998995311,L,0,Phoenix Suns,PHX,Oklahoma City Thunder,OKC
0022500163,2025-11-03,1610612757,1610612747,1,L,0.5315954683153223,W,0,Portland Trail Blazers,POR,Los Angeles Lakers,LAL
0022500180,2025-11-05,1610612757,1610612760,1,W,0.2554782046904971,L,0,Portland Trail Blazers,POR,Oklahoma City Thunder,OKC
0022500187,2025-11-08,1610612757,1610612748,0,L,0.4711524732086284,L,1,Portland Trail Blazers,POR,Miami Heat,MIA
0022500200,2025-11-10,1610612757,1610612753,0,L,0.4265264229167258,L,1,Portland Trail Blazers,POR,Orlando Magic,ORL
0022500219,2025-11-12,1610612757,1610612740,0,W,0.5762195400262325,W,1,Portland Trail Blazers,POR,New Orleans Pelicans,NOP
0022500042,2025-11-14,1610612757,1610612745,0,L,0.3459426217274026,L,1,Portland Trail Blazers,POR,Houston Rockets,HOU
0022500238,2025-11-16,1610612757,1610612742,0,L,0.5692792604644247,W,0,Portland Trail Blazers,POR,Dallas Mavericks,DAL
0022500254,2025-11-18,1610612757,1610612756,1,L,0.3626626364830852,L,1,Portland Trail Blazers,POR,Phoenix Suns,PHX
0022500263,2025-11-19,1610612757,1610612741,1,L,0.562354942499383,W,0,Portland Trail Blazers,POR,Chicago Bulls,CHI
0022500056,2025-11-21,1610612757,1610612744,0,W,0.3601990781514283,L,0,Portland Trail Blazers,POR,Golden State Warriors,GSW
0022500280,2025-11-23,1610612757,1610612760,0,L,0.15440691379071803,L,1,Portland Trail Blazers,POR,Oklahoma City Thunder,OKC
0022500288,2025-11-24,1610612757,1610612749,0,W,0.45886004522738416,L,0,Portland Trail Blazers,POR,Milwaukee Bucks,MIL
0022500067,2025-11-26,1610612757,1610612759,1,L,0.37097761564907167,L,1,Portland Trail Blazers,POR,San Antonio Spurs,SAS
0022500305,2025-11-30,1610612757,1610612760,1,L,0.2403970307988846,L,1,Portland Trail Blazers,POR,Oklahoma City Thunder,OKC
0022500319,2025-12-02,1610612757,1610612761,0,L,0.26295503073322435,L,1,Portland Trail Blazers,POR,Toronto Raptors,TOR
0022500324,2025-12-03,1610612757,1610612739,0,W,0.31125235677456936,L,0,Portland Trail Blazers,POR,Cleveland Cavaliers,CLE
0022500342,2025-12-05,1610612757,1610612765,0,L,0.3433458503459924,L,1,Portland Trail Blazers,POR,Detroit Pistons,DET
0022500360,2025-12-07,1610612757,1610612763,0,L,0.3033124024746341,L,1,Portland Trail Blazers,POR,Memphis Grizzlies,MEM
0022501207,2025-12-11,1610612757,1610612740,0,L,0.5481863737611353,W,0,Portland Trail Blazers,POR,New Orleans Pelicans,NOP
0022501221,2025-12-14,1610612757,1610612744,1,W,0.4148587483954225,L,0,Portland Trail Blazers,POR,Golden State Warriors,GSW
0022500380,2025-12-18,1610612757,1610612758,1,W,0.5292854762068645,W,1,Portland Trail Blazers,POR,Sacramento Kings,SAC
0022500394,2025-12-20,1610612757,1610612758,0,W,0.4536575490519743,L,0,Portland Trail Blazers,POR,Sacramento Kings,SAC
0022500408,2025-12-22,1610612757,1610612765,1,L,0.3236695896747072,L,1,Portland Trail Blazers,POR,Detroit Pistons,DET
0022500420,2025-12-23,1610612757,1610612753,1,L,0.48844799863554633,L,1,Portland Trail Blazers,POR,Orlando Magic,ORL
0022500431,2025-12-26,1610612757,1610612746,1,L,0.5554687558881742,W,0,Portland Trail Blazers,POR,Los Angeles Clippers,LAC
0022500444,2025-12-28,1610612757,1610612738,1,W,0.30642151146222957,L,0,Portland Trail Blazers,POR,Boston Celtics,BOS
0022500457,2025-12-29,1610612757,1610612742,1,W,0.5307987845021799,W,1,Portland Trail Blazers,POR,Dallas Mavericks,DAL
0022500470,2025-12-31,1610612757,1610612760,0,L,0.37125998612289307,L,1,Portland Trail Blazers,POR,Oklahoma City Thunder,OKC
0022500482,2026-01-02,1610612757,1610612740,0,W,0.4499337657494559,L,0,Portland Trail Blazers,POR,New Orleans Pelicans,NOP
0022500490,2026-01-03,1610612757,1610612759,0,W,0.34721684582720075,L,0,Portland Trail Blazers,POR,San Antonio Spurs,SAS
0022500509,2026-01-05,1610612757,1610612762,1,W,0.6989688499164312,W,1,Portland Trail Blazers,POR,Utah Jazz,UTA
0022500527,2026-01-07,1610612757,1610612745,1,W,0.47837412139641144,L,0,Portland Trail Blazers,POR,Houston Rockets,HOU
0022500540,2026-01-09,1610612757,1610612745,1,W,0.4938773339377628,L,0,Portland Trail Blazers,POR,Houston Rockets,HOU
0022500551,2026-01-11,1610612757,1610612752,1,L,0.7362232159708458,W,0,Portland Trail Blazers,POR,New York Knicks,NYK
0022500570,2026-01-13,1610612757,1610612744,0,L,0.45944031826785753,L,1,Portland Trail Blazers,POR,Golden State Warriors,GSW
0022500585,2026-01-15,1610612757,1610612737,1,W,0.5476036054495577,W,1,Portland Trail Blazers,POR,Atlanta Hawks,ATL
0022500601,2026-01-17,1610612757,1610612747,1,W,0.5826411805011726,W,1,Portland Trail Blazers,POR,Los Angeles Lakers,LAL
0022500606,2026-01-18,1610612757,1610612758,0,W,0.5073873402617554,W,1,Portland Trail Blazers,POR,Sacramento Kings,SAC
0022500634,2026-01-22,1610612757,1610612748,1,W,0.6742637264961724,W,1,Portland Trail Blazers,POR,Miami Heat,MIA
0022500642,2026-01-23,1610612757,1610612761,1,L,0.6118084611999743,W,0,Portland Trail Blazers,POR,Toronto Raptors,TOR
0022500660,2026-01-26,1610612757,1610612738,0,L,0.527862595414015,W,0,Portland Trail Blazers,POR,Boston Celtics,BOS
0022500664,2026-01-27,1610612757,1610612764,0,L,0.6722145188007872,W,0,Portland Trail Blazers,POR,Washington Wizards,WAS
0022500690,2026-01-30,1610612757,1610612752,0,L,0.3211311391732914,L,1,Portland Trail Blazers,POR,New York Knicks,NYK
0022500710,2026-02-01,1610612757,1610612739,1,L,0.3739745030047166,L,1,Portland Trail Blazers,POR,Cleveland Cavaliers,CLE
0022500725,2026-02-03,1610612757,1610612756,1,L,0.40948728685754454,L,1,Portland Trail Blazers,POR,Phoenix Suns,PHX
0022500745,2026-02-06,1610612757,1610612763,1,W,0.4818357713854858,L,0,Portland Trail Blazers,POR,Memphis Grizzlies,MEM
0022500755,2026-02-07,1610612757,1610612763,1,W,0.5533476268057854,W,1,Portland Trail Blazers,POR,Memphis Grizzlies,MEM
0022500770,2026-02-09,1610612757,1610612755,1,W,0.3182606470421034,L,0,Portland Trail Blazers,POR,Philadelphia 76ers,PHI
0022500783,2026-02-11,1610612757,1610612750,0,L,0.37186001637280003,L,1,Portland Trail Blazers,POR,Minnesota Timberwolves,MIN
0022500790,2026-02-12,1610612757,1610612762,0,W,0.4075203784202302,L,0,Portland Trail Blazers,POR,Utah Jazz,UTA
0022500810,2026-02-20,1610612757,1610612743,1,L,0.5394550070995958,W,0,Portland Trail Blazers,POR,Denver Nuggets,DEN
0022500826,2026-02-22,1610612757,1610612756,0,W,0.32512245492326747,L,0,Portland Trail Blazers,POR,Phoenix Suns,PHX
0022500841,2026-02-24,1610612757,1610612750,1,L,0.45713491130437867,L,1,Portland Trail Blazers,POR,Minnesota Timberwolves,MIN
0022500853,2026-02-26,1610612757,1610612741,0,W,0.6261150323628755,W,1,Portland Trail Blazers,POR,Chicago Bulls,CHI
0022500863,2026-02-28,1610612757,1610612766,0,L,0.30450875675128636,L,1,Portland Trail Blazers,POR,Charlotte Hornets,CHA
0022500873,2026-03-01,1610612757,1610612737,0,L,0.2842070514918409,L,1,Portland Trail Blazers,POR,Atlanta Hawks,ATL
0022500896,2026-03-04,1610612757,1610612763,0,W,0.564658354619098,W,1,Portland Trail Blazers,POR,Memphis Grizzlies,MEM
0022500910,2026-03-06,1610612757,1610612745,0,L,0.35502344405158476,L,1,Portland Trail Blazers,POR,Houston Rockets,HOU
0022500929,2026-03-08,1610612757,1610612754,1,W,0.6455262097429345,W,1,Portland Trail Blazers,POR,Indiana Pacers,IND
0022500944,2026-03-10,1610612757,1610612766,1,L,0.3909219437912446,L,1,Portland Trail Blazers,POR,Charlotte Hornets,CHA
0022500967,2026-03-13,1610612757,1610612762,1,W,0.6037640945545024,W,1,Portland Trail Blazers,POR,Utah Jazz,UTA
0022500980,2026-03-15,1610612757,1610612755,0,L,0.5102753724033002,W,0,Portland Trail Blazers,POR,Philadelphia 76ers,PHI
0022500985,2026-03-16,1610612757,1610612751,0,W,0.5770393885921037,W,1,Portland Trail Blazers,POR,Brooklyn Nets,BKN
0022501001,2026-03-18,1610612757,1610612754,0,W,0.7004549143235296,W,1,Portland Trail Blazers,POR,Indiana Pacers,IND
0022501020,2026-03-20,1610612757,1610612750,0,W,0.47185289570881866,L,0,Portland Trail Blazers,POR,Minnesota Timberwolves,MIN
0022501032,2026-03-22,1610612757,1610612743,0,L,0.4570533260004105,L,1,Portland Trail Blazers,POR,Denver Nuggets,DEN
0022501045,2026-03-23,1610612757,1610612751,1,W,0.7436724282342199,W,1,Portland Trail Blazers,POR,Brooklyn Nets,BKN
0022501061,2026-03-25,1610612757,1610612749,1,W,0.7288394566553181,W,1,Portland Trail Blazers,POR,Milwaukee Bucks,MIL
0022501074,2026-03-27,1610612757,1610612742,1,L,0.8100615530682643,W,0,Portland Trail Blazers,POR,Dallas Mavericks,DAL
0022501087,2026-03-29,1610612757,1610612764,1,W,0.7695146185881707,W,1,Portland Trail Blazers,POR,Washington Wizards,WAS
0022501104,2026-03-31,1610612757,1610612746,0,W,0.4844026519323971,L,0,Portland Trail Blazers,POR,Los Angeles Clippers,LAC
0022501118,2026-04-02,1610612757,1610612740,1,W,0.742303598799619,W,1,Portland Trail Blazers,POR,New Orleans Pelicans,NOP
0022501147,2026-04-06,1610612757,1610612743,0,L,0.4939193197599829,L,1,Portland Trail Blazers,POR,Denver Nuggets,DEN
0022501161,2026-04-08,1610612757,1610612759,0,L,0.3263612994462898,L,1,Portland Trail Blazers,POR,San Antonio Spurs,SAS
0022501183,2026-04-10,1610612757,1610612746,1,W,0.5608982287271658,W,1,Portland Trail Blazers,POR,Los Angeles Clippers,LAC
0022501200,2026-04-12,1610612757,1610612758,1,W,0.6420805548458358,W,1,Portland Trail Blazers,POR,Sacramento Kings,SAC
0022500142,2025-11-01,1610612758,1610612749,0,W,0.23814935516356117,L,0,Sacramento Kings,SAC,Milwaukee Bucks,MIL
0022500162,2025-11-03,1610612758,1610612743,0,L,0.2913795846354274,L,1,Sacramento Kings,SAC,Denver Nuggets,DEN
0022500181,2025-11-05,1610612758,1610612744,1,W,0.3869089665462525,L,0,Sacramento Kings,SAC,Golden State Warriors,GSW
0022500038,2025-11-07,1610612758,1610612760,1,L,0.2771577805292209,L,1,Sacramento Kings,SAC,Oklahoma City Thunder,OKC
0022500197,2025-11-09,1610612758,1610612750,1,L,0.3845836679242496,L,1,Sacramento Kings,SAC,Minnesota Timberwolves,MIN
0022500212,2025-11-11,1610612758,1610612743,1,L,0.23970720453402153,L,1,Sacramento Kings,SAC,Denver Nuggets,DEN
0022500223,2025-11-12,1610612758,1610612737,1,L,0.33416316166984456,L,1,Sacramento Kings,SAC,Atlanta Hawks,ATL
0022500044,2025-11-14,1610612758,1610612750,0,L,0.17788598878646558,L,1,Sacramento Kings,SAC,Minnesota Timberwolves,MIN
0022500234,2025-11-16,1610612758,1610612759,0,L,0.23266145206767772,L,1,Sacramento Kings,SAC,San Antonio Spurs,SAS
0022500261,2025-11-19,1610612758,1610612760,0,L,0.11787851660828133,L,1,Sacramento Kings,SAC,Oklahoma City Thunder,OKC
0022500265,2025-11-20,1610612758,1610612763,0,L,0.45773457757636865,L,1,Sacramento Kings,SAC,Memphis Grizzlies,MEM
0022500274,2025-11-22,1610612758,1610612743,0,W,0.11885921177344715,L,0,Sacramento Kings,SAC,Denver Nuggets,DEN
0022500292,2025-11-24,1610612758,1610612750,1,W,0.26412668368960646,L,0,Sacramento Kings,SAC,Minnesota Timberwolves,MIN
0022500068,2025-11-26,1610612758,1610612756,1,L,0.3675604539547021,L,1,Sacramento Kings,SAC,Phoenix Suns,PHX
0022500077,2025-11-28,1610612758,1610612762,0,L,0.5143444429588079,W,0,Sacramento Kings,SAC,Utah Jazz,UTA
0022500307,2025-11-30,1610612758,1610612763,1,L,0.37280343192182985,L,1,Sacramento Kings,SAC,Memphis Grizzlies,MEM
0022500330,2025-12-03,1610612758,1610612745,0,L,0.23091730940085722,L,1,Sacramento Kings,SAC,Houston Rockets,HOU
0022500354,2025-12-06,1610612758,1610612748,0,W,0.29041944503346717,L,0,Sacramento Kings,SAC,Miami Heat,MIA
0022500364,2025-12-08,1610612758,1610612754,0,L,0.33916489544976286,L,1,Sacramento Kings,SAC,Indiana Pacers,IND
0022501208,2025-12-11,1610612758,1610612743,1,L,0.3609638724028526,L,1,Sacramento Kings,SAC,Denver Nuggets,DEN
0022501220,2025-12-14,1610612758,1610612750,0,L,0.30887102608539124,L,1,Sacramento Kings,SAC,Minnesota Timberwolves,MIN
0022500380,2025-12-18,1610612758,1610612757,0,L,0.4870857876254459,L,1,Sacramento Kings,SAC,Portland Trail Blazers,POR
0022500394,2025-12-20,1610612758,1610612757,1,L,0.5178765513779715,W,0,Sacramento Kings,SAC,Portland Trail Blazers,POR
0022500401,2025-12-21,1610612758,1610612745,1,W,0.29516462771273083,L,0,Sacramento Kings,SAC,Houston Rockets,HOU
0022500421,2025-12-23,1610612758,1610612765,1,L,0.22699111960188903,L,1,Sacramento Kings,SAC,Detroit Pistons,DET
0022500432,2025-12-27,1610612758,1610612742,1,W,0.4118872599288047,L,0,Sacramento Kings,SAC,Dallas Mavericks,DAL
0022500446,2025-12-28,1610612758,1610612747,0,L,0.4299818005919178,L,1,Sacramento Kings,SAC,Los Angeles Lakers,LAL
0022500461,2025-12-30,1610612758,1610612746,0,L,0.3093760401378386,L,1,Sacramento Kings,SAC,Los Angeles Clippers,LAC
0022500474,2026-01-01,1610612758,1610612738,1,L,0.24788463817107104,L,1,Sacramento Kings,SAC,Boston Celtics,BOS
0022500483,2026-01-02,1610612758,1610612756,0,L,0.20044967484586,L,1,Sacramento Kings,SAC,Phoenix Suns,PHX
0022500500,2026-01-04,1610612758,1610612749,1,L,0.33199622070906354,L,1,Sacramento Kings,SAC,Milwaukee Bucks,MIL
0022500515,2026-01-06,1610612758,1610612742,1,L,0.4040266846042971,L,1,Sacramento Kings,SAC,Dallas Mavericks,DAL
0022500539,2026-01-09,1610612758,1610612744,0,L,0.25996748929095065,L,1,Sacramento Kings,SAC,Golden State Warriors,GSW
0022500557,2026-01-11,1610612758,1610612745,1,W,0.3002926004272854,L,0,Sacramento Kings,SAC,Houston Rockets,HOU
0022500562,2026-01-12,1610612758,1610612747,1,W,0.37663285433637755,L,0,Sacramento Kings,SAC,Los Angeles Lakers,LAL
0022500576,2026-01-14,1610612758,1610612752,1,W,0.49228159011360284,L,0,Sacramento Kings,SAC,New York Knicks,NYK
0022500592,2026-01-16,1610612758,1610612764,1,W,0.606568121090017,W,1,Sacramento Kings,SAC,Washington Wizards,WAS
0022500606,2026-01-18,1610612758,1610612757,1,L,0.5150065288480687,W,0,Sacramento Kings,SAC,Portland Trail Blazers,POR
0022500619,2026-01-20,1610612758,1610612748,1,L,0.6855618614375324,W,0,Sacramento Kings,SAC,Miami Heat,MIA
0022500626,2026-01-21,1610612758,1610612761,1,L,0.543323980390412,W,0,Sacramento Kings,SAC,Toronto Raptors,TOR
0022500638,2026-01-23,1610612758,1610612739,0,L,0.41878299456036927,L,1,Sacramento Kings,SAC,Cleveland Cavaliers,CLE
0022500650,2026-01-25,1610612758,1610612765,0,L,0.2788540420603148,L,1,Sacramento Kings,SAC,Detroit Pistons,DET
0022500665,2026-01-27,1610612758,1610612752,0,L,0.3199730521523908,L,1,Sacramento Kings,SAC,New York Knicks,NYK
0022500680,2026-01-29,1610612758,1610612755,0,L,0.4427185068665092,L,1,Sacramento Kings,SAC,Philadelphia 76ers,PHI
0022500689,2026-01-30,1610612758,1610612738,0,L,0.29754192651744593,L,1,Sacramento Kings,SAC,Boston Celtics,BOS
0022500707,2026-02-01,1610612758,1610612764,0,L,0.4357815113543344,L,1,Sacramento Kings,SAC,Washington Wizards,WAS
0022500731,2026-02-04,1610612758,1610612763,1,L,0.49548485235184025,L,1,Sacramento Kings,SAC,Memphis Grizzlies,MEM
0022500746,2026-02-06,1610612758,1610612746,1,L,0.3476932511302377,L,1,Sacramento Kings,SAC,Los Angeles Clippers,LAC
0022500756,2026-02-07,1610612758,1610612739,1,L,0.2042080204403075,L,1,Sacramento Kings,SAC,Cleveland Cavaliers,CLE
0022500766,2026-02-09,1610612758,1610612740,0,L,0.3040389795529703,L,1,Sacramento Kings,SAC,New Orleans Pelicans,NOP
0022500786,2026-02-11,1610612758,1610612762,0,L,0.37181832196706577,L,1,Sacramento Kings,SAC,Utah Jazz,UTA
0022500800,2026-02-19,1610612758,1610612753,1,L,0.3708112837447136,L,1,Sacramento Kings,SAC,Orlando Magic,ORL
0022500815,2026-02-21,1610612758,1610612759,0,L,0.0988762293968143,L,1,Sacramento Kings,SAC,San Antonio Spurs,SAS
0022500829,2026-02-23,1610612758,1610612763,0,W,0.3005391737688602,L,0,Sacramento Kings,SAC,Memphis Grizzlies,MEM
0022500845,2026-02-25,1610612758,1610612745,0,L,0.19091393309872615,L,1,Sacramento Kings,SAC,Houston Rockets,HOU
0022500854,2026-02-26,1610612758,1610612742,0,W,0.3530202985223245,L,0,Sacramento Kings,SAC,Dallas Mavericks,DAL
0022500878,2026-03-01,1610612758,1610612747,0,L,0.2753153299382049,L,1,Sacramento Kings,SAC,Los Angeles Lakers,LAL
0022500892,2026-03-03,1610612758,1610612756,1,L,0.3740893215245403,L,1,Sacramento Kings,SAC,Phoenix Suns,PHX
0022500907,2026-03-05,1610612758,1610612740,1,L,0.4101670189663078,L,1,Sacramento Kings,SAC,New Orleans Pelicans,NOP
0022500930,2026-03-08,1610612758,1610612741,1,W,0.5362634621497384,W,1,Sacramento Kings,SAC,Chicago Bulls,CHI
0022500945,2026-03-10,1610612758,1610612754,1,W,0.7096382830335051,W,1,Sacramento Kings,SAC,Indiana Pacers,IND
0022500951,2026-03-11,1610612758,1610612766,1,L,0.4008037699465883,L,1,Sacramento Kings,SAC,Charlotte Hornets,CHA
0022500975,2026-03-14,1610612758,1610612746,0,W,0.37525063441257284,L,0,Sacramento Kings,SAC,Los Angeles Clippers,LAC
0022500982,2026-03-15,1610612758,1610612762,1,W,0.6849449004267798,W,1,Sacramento Kings,SAC,Utah Jazz,UTA
0022500998,2026-03-17,1610612758,1610612759,1,L,0.47536026103252327,L,1,Sacramento Kings,SAC,San Antonio Spurs,SAS
0022501015,2026-03-19,1610612758,1610612755,1,L,0.6117126644058213,W,0,Sacramento Kings,SAC,Philadelphia 76ers,PHI
0022501033,2026-03-22,1610612758,1610612751,1,W,0.6692007040775244,W,1,Sacramento Kings,SAC,Brooklyn Nets,BKN
0022501047,2026-03-24,1610612758,1610612766,0,L,0.30866965441245975,L,1,Sacramento Kings,SAC,Charlotte Hornets,CHA
0022501065,2026-03-26,1610612758,1610612753,0,L,0.4761161353292992,L,1,Sacramento Kings,SAC,Orlando Magic,ORL
0022501078,2026-03-28,1610612758,1610612737,0,L,0.32609476803540927,L,1,Sacramento Kings,SAC,Atlanta Hawks,ATL
0022501084,2026-03-29,1610612758,1610612751,0,L,0.599263928533335,W,0,Sacramento Kings,SAC,Brooklyn Nets,BKN
0022501108,2026-04-01,1610612758,1610612761,0,W,0.2555923236131189,L,0,Sacramento Kings,SAC,Toronto Raptors,TOR
0022501128,2026-04-03,1610612758,1610612740,1,W,0.6198302605134637,W,1,Sacramento Kings,SAC,New Orleans Pelicans,NOP
0022501141,2026-04-05,1610612758,1610612746,1,L,0.47242835181620424,L,1,Sacramento Kings,SAC,Los Angeles Clippers,LAC
0022501154,2026-04-07,1610612758,1610612744,0,L,0.45563626643137706,L,1,Sacramento Kings,SAC,Golden State Warriors,GSW
0022501184,2026-04-10,1610612758,1610612744,1,W,0.5308039982552646,W,1,Sacramento Kings,SAC,Golden State Warriors,GSW
0022501200,2026-04-12,1610612758,1610612757,0,L,0.3520469578726743,L,1,Sacramento Kings,SAC,Portland Trail Blazers,POR
0022500154,2025-11-02,1610612759,1610612756,0,L,0.8116804598799922,W,0,San Antonio Spurs,SAS,Phoenix Suns,PHX
0022500179,2025-11-05,1610612759,1610612747,0,L,0.5409397698027364,W,0,San Antonio Spurs,SAS,Los Angeles Lakers,LAL
0022500032,2025-11-07,1610612759,1610612745,1,W,0.4496863353951457,L,0,San Antonio Spurs,SAS,Houston Rockets,HOU
0022500188,2025-11-08,1610612759,1610612740,1,W,0.7262515066971849,W,1,San Antonio Spurs,SAS,New Orleans Pelicans,NOP
0022500202,2025-11-10,1610612759,1610612741,0,W,0.502789779771385,W,1,San Antonio Spurs,SAS,Chicago Bulls,CHI
0022500220,2025-11-12,1610612759,1610612744,1,L,0.6717773512626629,W,0,San Antonio Spurs,SAS,Golden State Warriors,GSW
0022500047,2025-11-14,1610612759,1610612744,1,L,0.6265810413415681,W,0,San Antonio Spurs,SAS,Golden State Warriors,GSW
0022500234,2025-11-16,1610612759,1610612758,1,W,0.7795009042145932,W,1,San Antonio Spurs,SAS,Sacramento Kings,SAC
0022500252,2025-11-18,1610612759,1610612763,1,W,0.7136440643992347,W,1,San Antonio Spurs,SAS,Memphis Grizzlies,MEM
0022500267,2025-11-20,1610612759,1610612737,1,W,0.5319557866730138,W,1,San Antonio Spurs,SAS,Atlanta Hawks,ATL
0022500281,2025-11-23,1610612759,1610612756,0,L,0.4001729204268742,L,1,San Antonio Spurs,SAS,Phoenix Suns,PHX
0022500067,2025-11-26,1610612759,1610612757,0,W,0.6444290103269728,W,1,San Antonio Spurs,SAS,Portland Trail Blazers,POR
0022500076,2025-11-28,1610612759,1610612743,0,W,0.41761253001703413,L,0,San Antonio Spurs,SAS,Denver Nuggets,DEN
0022500306,2025-11-30,1610612759,1610612750,0,L,0.5524562366790279,W,0,San Antonio Spurs,SAS,Minnesota Timberwolves,MIN
0022500322,2025-12-02,1610612759,1610612763,1,W,0.5929485141882078,W,1,San Antonio Spurs,SAS,Memphis Grizzlies,MEM
0022500326,2025-12-03,1610612759,1610612753,0,W,0.3402050534109119,L,0,San Antonio Spurs,SAS,Orlando Magic,ORL
0022500341,2025-12-05,1610612759,1610612739,0,L,0.5436616402344409,W,0,San Antonio Spurs,SAS,Cleveland Cavaliers,CLE
0022500366,2025-12-08,1610612759,1610612740,0,W,0.6889697095747942,W,1,San Antonio Spurs,SAS,New Orleans Pelicans,NOP
0022501204,2025-12-10,1610612759,1610612747,0,W,0.4084048008482445,L,0,San Antonio Spurs,SAS,Los Angeles Lakers,LAL
0022501230,2025-12-13,1610612759,1610612760,0,W,0.25905203271086763,L,0,San Antonio Spurs,SAS,Oklahoma City Thunder,OKC
0022500370,2025-12-18,1610612759,1610612764,1,W,0.7343780818939251,W,1,San Antonio Spurs,SAS,Washington Wizards,WAS
0022500383,2025-12-19,1610612759,1610612737,0,W,0.6270641213567516,W,1,San Antonio Spurs,SAS,Atlanta Hawks,ATL
0022500399,2025-12-21,1610612759,1610612764,0,W,0.7005583623440327,W,1,San Antonio Spurs,SAS,Washington Wizards,WAS
0022500417,2025-12-23,1610612759,1610612760,1,W,0.574605871511219,W,1,San Antonio Spurs,SAS,Oklahoma City Thunder,OKC
0022500010,2025-12-25,1610612759,1610612760,0,W,0.6346443599432313,W,1,San Antonio Spurs,SAS,Oklahoma City Thunder,OKC
0022500440,2025-12-27,1610612759,1610612762,1,L,0.8848385025115344,W,0,San Antonio Spurs,SAS,Utah Jazz,UTA
0022500456,2025-12-29,1610612759,1610612739,1,L,0.7979123881809561,W,0,San Antonio Spurs,SAS,Cleveland Cavaliers,CLE
0022500467,2025-12-31,1610612759,1610612752,1,W,0.5870100274891193,W,1,San Antonio Spurs,SAS,New York Knicks,NYK
0022500476,2026-01-02,1610612759,1610612754,0,W,0.8059087081775612,W,1,San Antonio Spurs,SAS,Indiana Pacers,IND
0022500490,2026-01-03,1610612759,1610612757,1,L,0.7020087360536601,W,0,San Antonio Spurs,SAS,Portland Trail Blazers,POR
0022500512,2026-01-06,1610612759,1610612763,0,L,0.6225157594968821,W,0,San Antonio Spurs,SAS,Memphis Grizzlies,MEM
0022500523,2026-01-07,1610612759,1610612747,1,W,0.5808961206812601,W,1,San Antonio Spurs,SAS,Los Angeles Lakers,LAL
0022500545,2026-01-10,1610612759,1610612738,0,W,0.3188013420044396,L,0,San Antonio Spurs,SAS,Boston Celtics,BOS
0022500552,2026-01-11,1610612759,1610612750,0,L,0.42593694756464523,L,1,San Antonio Spurs,SAS,Minnesota Timberwolves,MIN
0022500568,2026-01-13,1610612759,1610612760,0,L,0.4581966315469633,L,1,San Antonio Spurs,SAS,Oklahoma City Thunder,OKC
0022500582,2026-01-15,1610612759,1610612749,1,W,0.5563088252794253,W,1,San Antonio Spurs,SAS,Milwaukee Bucks,MIL
0022500598,2026-01-17,1610612759,1610612750,1,W,0.48111518946989135,L,0,San Antonio Spurs,SAS,Minnesota Timberwolves,MIN
0022500611,2026-01-19,1610612759,1610612762,1,W,0.7900305833303152,W,1,San Antonio Spurs,SAS,Utah Jazz,UTA
0022500615,2026-01-20,1610612759,1610612745,0,L,0.477349345890363,L,1,San Antonio Spurs,SAS,Houston Rockets,HOU
0022500632,2026-01-22,1610612759,1610612762,0,W,0.6138207337674148,W,1,San Antonio Spurs,SAS,Utah Jazz,UTA
0022500654,2026-01-25,1610612759,1610612740,1,L,0.7090327395532049,W,0,San Antonio Spurs,SAS,New Orleans Pelicans,NOP
0022500679,2026-01-28,1610612759,1610612745,0,W,0.4659842810117578,L,0,San Antonio Spurs,SAS,Houston Rockets,HOU
0022500697,2026-01-31,1610612759,1610612766,0,L,0.3939026690001026,L,1,San Antonio Spurs,SAS,Charlotte Hornets,CHA
0022500703,2026-02-01,1610612759,1610612753,1,W,0.6545869263936412,W,1,San Antonio Spurs,SAS,Orlando Magic,ORL
0022500730,2026-02-04,1610612759,1610612760,1,W,0.5331397066429306,W,1,San Antonio Spurs,SAS,Oklahoma City Thunder,OKC
0022500738,2026-02-05,1610612759,1610612742,0,W,0.5818898241627128,W,1,San Antonio Spurs,SAS,Dallas Mavericks,DAL
0022500749,2026-02-07,1610612759,1610612742,1,W,0.6857655125330976,W,1,San Antonio Spurs,SAS,Dallas Mavericks,DAL
0022500774,2026-02-10,1610612759,1610612747,0,W,0.5735977431139824,W,1,San Antonio Spurs,SAS,Los Angeles Lakers,LAL
0022500788,2026-02-11,1610612759,1610612744,0,W,0.68564454920279,W,1,San Antonio Spurs,SAS,Golden State Warriors,GSW
0022500798,2026-02-19,1610612759,1610612756,1,W,0.7332439485043015,W,1,San Antonio Spurs,SAS,Phoenix Suns,PHX
0022500815,2026-02-21,1610612759,1610612758,1,W,0.8913339044140617,W,1,San Antonio Spurs,SAS,Sacramento Kings,SAC
0022500828,2026-02-23,1610612759,1610612765,0,W,0.47023474498586837,L,0,San Antonio Spurs,SAS,Detroit Pistons,DET
0022500843,2026-02-25,1610612759,1610612761,0,W,0.6446773464106477,W,1,San Antonio Spurs,SAS,Toronto Raptors,TOR
0022500851,2026-02-26,1610612759,1610612751,0,W,0.816996794375685,W,1,San Antonio Spurs,SAS,Brooklyn Nets,BKN
0022500868,2026-03-01,1610612759,1610612752,0,L,0.6592334170617039,W,0,San Antonio Spurs,SAS,New York Knicks,NYK
0022500888,2026-03-03,1610612759,1610612755,0,W,0.6064342139016808,W,1,San Antonio Spurs,SAS,Philadelphia 76ers,PHI
0022500904,2026-03-05,1610612759,1610612765,1,W,0.6034452157261252,W,1,San Antonio Spurs,SAS,Detroit Pistons,DET
0022500913,2026-03-06,1610612759,1610612746,1,W,0.6290348394219533,W,1,San Antonio Spurs,SAS,Los Angeles Clippers,LAC
0022500927,2026-03-08,1610612759,1610612745,1,W,0.696216936598904,W,1,San Antonio Spurs,SAS,Houston Rockets,HOU
0022500942,2026-03-10,1610612759,1610612738,1,W,0.5264094130144359,W,1,San Antonio Spurs,SAS,Boston Celtics,BOS
0022500958,2026-03-12,1610612759,1610612743,1,L,0.8056415137350111,W,0,San Antonio Spurs,SAS,Denver Nuggets,DEN
0022500973,2026-03-14,1610612759,1610612766,1,W,0.5539041645336226,W,1,San Antonio Spurs,SAS,Charlotte Hornets,CHA
0022500990,2026-03-16,1610612759,1610612746,0,W,0.5036118189688507,W,1,San Antonio Spurs,SAS,Los Angeles Clippers,LAC
0022500998,2026-03-17,1610612759,1610612758,0,W,0.5575036285510951,W,1,San Antonio Spurs,SAS,Sacramento Kings,SAC
0022501013,2026-03-19,1610612759,1610612756,1,W,0.7001655079013771,W,1,San Antonio Spurs,SAS,Phoenix Suns,PHX
0022501028,2026-03-21,1610612759,1610612754,1,W,0.8771034936293668,W,1,San Antonio Spurs,SAS,Indiana Pacers,IND
0022501041,2026-03-23,1610612759,1610612748,0,W,0.673940353790327,W,1,San Antonio Spurs,SAS,Miami Heat,MIA
0022501056,2026-03-25,1610612759,1610612763,0,W,0.8514687206500111,W,1,San Antonio Spurs,SAS,Memphis Grizzlies,MEM
0022501076,2026-03-28,1610612759,1610612749,0,W,0.839544445333245,W,1,San Antonio Spurs,SAS,Milwaukee Bucks,MIL
0022501094,2026-03-30,1610612759,1610612741,1,W,0.8680072447888889,W,1,San Antonio Spurs,SAS,Chicago Bulls,CHI
0022501113,2026-04-01,1610612759,1610612744,0,W,0.8073400767891105,W,1,San Antonio Spurs,SAS,Golden State Warriors,GSW
0022501119,2026-04-02,1610612759,1610612746,0,W,0.6615659823764088,W,1,San Antonio Spurs,SAS,Los Angeles Clippers,LAC
0022501130,2026-04-04,1610612759,1610612743,0,L,0.5666960013883122,W,0,San Antonio Spurs,SAS,Denver Nuggets,DEN
0022501146,2026-04-06,1610612759,1610612755,1,W,0.7028091524952663,W,1,San Antonio Spurs,SAS,Philadelphia 76ers,PHI
0022501161,2026-04-08,1610612759,1610612757,1,W,0.6619282974069811,W,1,San Antonio Spurs,SAS,Portland Trail Blazers,POR
0022501180,2026-04-10,1610612759,1610612742,1,W,0.8249955383265305,W,1,San Antonio Spurs,SAS,Dallas Mavericks,DAL
0022501197,2026-04-12,1610612759,1610612743,1,L,0.5687625651495886,W,0,San Antonio Spurs,SAS,Denver Nuggets,DEN
0022500148,2025-11-02,1610612760,1610612740,1,W,0.9075312931075215,W,1,Oklahoma City Thunder,OKC,New Orleans Pelicans,NOP
0022500170,2025-11-04,1610612760,1610612746,0,W,0.7440675301689565,W,1,Oklahoma City Thunder,OKC,Los Angeles Clippers,LAC
0022500180,2025-11-05,1610612760,1610612757,0,L,0.7403506510705198,W,0,Oklahoma City Thunder,OKC,Portland Trail Blazers,POR
0022500038,2025-11-07,1610612760,1610612758,0,W,0.7112533847707525,W,1,Oklahoma City Thunder,OKC,Sacramento Kings,SAC
0022500194,2025-11-09,1610612760,1610612763,0,W,0.7535648841577826,W,1,Oklahoma City Thunder,OKC,Memphis Grizzlies,MEM
0022500210,2025-11-11,1610612760,1610612744,1,W,0.7460307875394903,W,1,Oklahoma City Thunder,OKC,Golden State Warriors,GSW
0022500222,2025-11-12,1610612760,1610612747,1,W,0.673273857657489,W,1,Oklahoma City Thunder,OKC,Los Angeles Lakers,LAL
0022500229,2025-11-15,1610612760,1610612766,0,W,0.8205275884650578,W,1,Oklahoma City Thunder,OKC,Charlotte Hornets,CHA
0022500247,2025-11-17,1610612760,1610612740,0,W,0.8293018863316624,W,1,Oklahoma City Thunder,OKC,New Orleans Pelicans,NOP
0022500261,2025-11-19,1610612760,1610612758,1,W,0.8844425541162722,W,1,Oklahoma City Thunder,OKC,Sacramento Kings,SAC
0022500055,2025-11-21,1610612760,1610612762,0,W,0.7665608115252055,W,1,Oklahoma City Thunder,OKC,Utah Jazz,UTA
0022500280,2025-11-23,1610612760,1610612757,1,W,0.8459182562183528,W,1,Oklahoma City Thunder,OKC,Portland Trail Blazers,POR
0022500064,2025-11-26,1610612760,1610612750,1,W,0.7120206944487923,W,1,Oklahoma City Thunder,OKC,Minnesota Timberwolves,MIN
0022500075,2025-11-28,1610612760,1610612756,1,W,0.6788215650349784,W,1,Oklahoma City Thunder,OKC,Phoenix Suns,PHX
0022500305,2025-11-30,1610612760,1610612757,0,W,0.7688448707162442,W,1,Oklahoma City Thunder,OKC,Portland Trail Blazers,POR
0022500323,2025-12-02,1610612760,1610612744,0,W,0.6817103510685912,W,1,Oklahoma City Thunder,OKC,Golden State Warriors,GSW
0022500349,2025-12-05,1610612760,1610612742,1,W,0.7347563329912651,W,1,Oklahoma City Thunder,OKC,Dallas Mavericks,DAL
0022500363,2025-12-07,1610612760,1610612762,0,W,0.7750082468967724,W,1,Oklahoma City Thunder,OKC,Utah Jazz,UTA
0022501203,2025-12-10,1610612760,1610612756,1,W,0.7735925116884378,W,1,Oklahoma City Thunder,OKC,Phoenix Suns,PHX
0022501230,2025-12-13,1610612760,1610612759,0,L,0.6996075117593618,W,0,Oklahoma City Thunder,OKC,San Antonio Spurs,SAS
0022500369,2025-12-18,1610612760,1610612746,1,W,0.8628944145737829,W,1,Oklahoma City Thunder,OKC,Los Angeles Clippers,LAC
0022500385,2025-12-19,1610612760,1610612750,0,L,0.6321915014259206,W,0,Oklahoma City Thunder,OKC,Minnesota Timberwolves,MIN
0022500406,2025-12-22,1610612760,1610612763,1,W,0.6535946445544034,W,1,Oklahoma City Thunder,OKC,Memphis Grizzlies,MEM
0022500417,2025-12-23,1610612760,1610612759,0,L,0.41409311881124544,L,1,Oklahoma City Thunder,OKC,San Antonio Spurs,SAS
0022500010,2025-12-25,1610612760,1610612759,1,L,0.4080502100789852,L,1,Oklahoma City Thunder,OKC,San Antonio Spurs,SAS
0022500442,2025-12-28,1610612760,1610612755,1,W,0.5728425727622711,W,1,Oklahoma City Thunder,OKC,Philadelphia 76ers,PHI
0022500455,2025-12-29,1610612760,1610612737,1,W,0.7255332773579617,W,1,Oklahoma City Thunder,OKC,Atlanta Hawks,ATL
0022500470,2025-12-31,1610612760,1610612757,1,W,0.6393345352976494,W,1,Oklahoma City Thunder,OKC,Portland Trail Blazers,POR
0022500484,2026-01-02,1610612760,1610612744,0,W,0.4652311467669025,L,0,Oklahoma City Thunder,OKC,Golden State Warriors,GSW
0022500499,2026-01-04,1610612760,1610612756,0,L,0.5121141566773495,W,0,Oklahoma City Thunder,OKC,Phoenix Suns,PHX
0022500506,2026-01-05,1610612760,1610612766,1,L,0.6565090867399052,W,0,Oklahoma City Thunder,OKC,Charlotte Hornets,CHA
0022500525,2026-01-07,1610612760,1610612762,1,W,0.7724007961894293,W,1,Oklahoma City Thunder,OKC,Utah Jazz,UTA
0022500536,2026-01-09,1610612760,1610612763,0,W,0.6449924909203931,W,1,Oklahoma City Thunder,OKC,Memphis Grizzlies,MEM
0022500553,2026-01-11,1610612760,1610612748,1,W,0.6656839819791358,W,1,Oklahoma City Thunder,OKC,Miami Heat,MIA
0022500568,2026-01-13,1610612760,1610612759,1,W,0.5245784514139181,W,1,Oklahoma City Thunder,OKC,San Antonio Spurs,SAS
0022500581,2026-01-15,1610612760,1610612745,0,W,0.4775164247580094,L,0,Oklahoma City Thunder,OKC,Houston Rockets,HOU
0022500597,2026-01-17,1610612760,1610612748,0,L,0.691877074634629,W,0,Oklahoma City Thunder,OKC,Miami Heat,MIA
0022500015,2026-01-19,1610612760,1610612739,0,W,0.5105324238508014,W,1,Oklahoma City Thunder,OKC,Cleveland Cavaliers,CLE
0022500625,2026-01-21,1610612760,1610612749,0,W,0.6910202318993937,W,1,Oklahoma City Thunder,OKC,Milwaukee Bucks,MIL
0022500641,2026-01-23,1610612760,1610612754,1,L,0.8006858511644012,W,0,Oklahoma City Thunder,OKC,Indiana Pacers,IND
0022500653,2026-01-25,1610612760,1610612761,1,L,0.6199272120123928,W,0,Oklahoma City Thunder,OKC,Toronto Raptors,TOR
0022500667,2026-01-27,1610612760,1610612740,1,W,0.689813537064988,W,1,Oklahoma City Thunder,OKC,New Orleans Pelicans,NOP
0022500686,2026-01-29,1610612760,1610612750,0,L,0.6883074809384898,W,0,Oklahoma City Thunder,OKC,Minnesota Timberwolves,MIN
0022500711,2026-02-01,1610612760,1610612743,0,W,0.35814561316015303,L,0,Oklahoma City Thunder,OKC,Denver Nuggets,DEN
0022500723,2026-02-03,1610612760,1610612753,1,W,0.6475921858967131,W,1,Oklahoma City Thunder,OKC,Orlando Magic,ORL
0022500730,2026-02-04,1610612760,1610612759,0,L,0.45694722625659545,L,1,Oklahoma City Thunder,OKC,San Antonio Spurs,SAS
0022500748,2026-02-07,1610612760,1610612745,1,L,0.5302512732141146,W,0,Oklahoma City Thunder,OKC,Houston Rockets,HOU
0022500769,2026-02-09,1610612760,1610612747,0,W,0.39205498456219173,L,0,Oklahoma City Thunder,OKC,Los Angeles Lakers,LAL
0022500785,2026-02-11,1610612760,1610612756,0,W,0.48986731379086396,L,0,Oklahoma City Thunder,OKC,Phoenix Suns,PHX
0022500789,2026-02-12,1610612760,1610612749,1,L,0.6371535949940502,W,0,Oklahoma City Thunder,OKC,Milwaukee Bucks,MIL
0022500808,2026-02-20,1610612760,1610612751,1,W,0.7128978301520583,W,1,Oklahoma City Thunder,OKC,Brooklyn Nets,BKN
0022500817,2026-02-22,1610612760,1610612739,1,W,0.4180368789685291,L,0,Oklahoma City Thunder,OKC,Cleveland Cavaliers,CLE
0022500834,2026-02-24,1610612760,1610612761,0,W,0.43994816738933284,L,0,Oklahoma City Thunder,OKC,Toronto Raptors,TOR
0022500842,2026-02-25,1610612760,1610612765,0,L,0.3824932503759307,L,1,Oklahoma City Thunder,OKC,Detroit Pistons,DET
0022500862,2026-02-27,1610612760,1610612743,1,W,0.5328158715167529,W,1,Oklahoma City Thunder,OKC,Denver Nuggets,DEN
0022500876,2026-03-01,1610612760,1610612742,0,W,0.6255479859625958,W,1,Oklahoma City Thunder,OKC,Dallas Mavericks,DAL
0022500889,2026-03-03,1610612760,1610612741,0,W,0.7352179572534111,W,1,Oklahoma City Thunder,OKC,Chicago Bulls,CHI
0022500893,2026-03-04,1610612760,1610612752,0,W,0.43908365200893884,L,0,Oklahoma City Thunder,OKC,New York Knicks,NYK
0022500920,2026-03-07,1610612760,1610612744,1,W,0.7416242463883723,W,1,Oklahoma City Thunder,OKC,Golden State Warriors,GSW
0022500933,2026-03-09,1610612760,1610612743,1,W,0.7407826509023633,W,1,Oklahoma City Thunder,OKC,Denver Nuggets,DEN
0022500959,2026-03-12,1610612760,1610612738,1,W,0.6280347873864662,W,1,Oklahoma City Thunder,OKC,Boston Celtics,BOS
0022500976,2026-03-15,1610612760,1610612750,1,W,0.733225944560231,W,1,Oklahoma City Thunder,OKC,Minnesota Timberwolves,MIN
0022500992,2026-03-17,1610612760,1610612753,0,W,0.5529262668274797,W,1,Oklahoma City Thunder,OKC,Orlando Magic,ORL
0022501000,2026-03-18,1610612760,1610612751,0,W,0.810649578251114,W,1,Oklahoma City Thunder,OKC,Brooklyn Nets,BKN
0022501022,2026-03-21,1610612760,1610612764,0,W,0.8619587647305835,W,1,Oklahoma City Thunder,OKC,Washington Wizards,WAS
0022501040,2026-03-23,1610612760,1610612755,0,W,0.6426446426668938,W,1,Oklahoma City Thunder,OKC,Philadelphia 76ers,PHI
0022501054,2026-03-25,1610612760,1610612738,0,L,0.62262542911907,W,0,Oklahoma City Thunder,OKC,Boston Celtics,BOS
0022501070,2026-03-27,1610612760,1610612741,1,W,0.7970194851708807,W,1,Oklahoma City Thunder,OKC,Chicago Bulls,CHI
0022501089,2026-03-29,1610612760,1610612752,1,W,0.6284822221515309,W,1,Oklahoma City Thunder,OKC,New York Knicks,NYK
0022501097,2026-03-30,1610612760,1610612765,1,W,0.6068653309983343,W,1,Oklahoma City Thunder,OKC,Detroit Pistons,DET
0022501116,2026-04-02,1610612760,1610612747,1,W,0.5480217651687953,W,1,Oklahoma City Thunder,OKC,Los Angeles Lakers,LAL
0022501139,2026-04-05,1610612760,1610612762,1,W,0.8736378886218902,W,1,Oklahoma City Thunder,OKC,Utah Jazz,UTA
0022501155,2026-04-07,1610612760,1610612747,0,W,0.6077150315071632,W,1,Oklahoma City Thunder,OKC,Los Angeles Lakers,LAL
0022501163,2026-04-08,1610612760,1610612746,0,W,0.5770336719736086,W,1,Oklahoma City Thunder,OKC,Los Angeles Clippers,LAC
0022501182,2026-04-10,1610612760,1610612743,0,L,0.48822226017037396,L,1,Oklahoma City Thunder,OKC,Denver Nuggets,DEN
0022501196,2026-04-12,1610612760,1610612756,1,L,0.7806580499844058,W,0,Oklahoma City Thunder,OKC,Phoenix Suns,PHX
0022500022,2025-10-31,1610612761,1610612739,0,W,0.2932699851045457,L,0,Toronto Raptors,TOR,Cleveland Cavaliers,CLE
0022500152,2025-11-02,1610612761,1610612763,1,W,0.48178922296058724,L,0,Toronto Raptors,TOR,Memphis Grizzlies,MEM
0022500165,2025-11-04,1610612761,1610612749,1,W,0.43476908725089075,L,0,Toronto Raptors,TOR,Milwaukee Bucks,MIL
0022500030,2025-11-07,1610612761,1610612737,0,W,0.47227130878523177,L,0,Toronto Raptors,TOR,Atlanta Hawks,ATL
0022500184,2025-11-08,1610612761,1610612755,0,L,0.49211137829737617,L,1,Toronto Raptors,TOR,Philadelphia 76ers,PHI
0022500207,2025-11-11,1610612761,1610612751,0,W,0.7715710250165216,W,1,Toronto Raptors,TOR,Brooklyn Nets,BKN
0022500225,2025-11-13,1610612761,1610612739,0,W,0.4032256670137443,L,0,Toronto Raptors,TOR,Cleveland Cavaliers,CLE
0022500230,2025-11-15,1610612761,1610612754,0,W,0.7789520204407704,W,1,Toronto Raptors,TOR,Indiana Pacers,IND
0022500245,2025-11-17,1610612761,1610612766,1,W,0.7936547368421508,W,1,Toronto Raptors,TOR,Charlotte Hornets,CHA
0022500258,2025-11-19,1610612761,1610612755,0,W,0.5698059196758388,W,1,Toronto Raptors,TOR,Philadelphia 76ers,PHI
0022500050,2025-11-21,1610612761,1610612764,1,W,0.8778428133401902,W,1,Toronto Raptors,TOR,Washington Wizards,WAS
0022500279,2025-11-23,1610612761,1610612751,1,W,0.7458171859805749,W,1,Toronto Raptors,TOR,Brooklyn Nets,BKN
0022500284,2025-11-24,1610612761,1610612739,1,W,0.5927830772251365,W,1,Toronto Raptors,TOR,Cleveland Cavaliers,CLE
0022500063,2025-11-26,1610612761,1610612754,1,W,0.8592415360300262,W,1,Toronto Raptors,TOR,Indiana Pacers,IND
0022500294,2025-11-29,1610612761,1610612766,0,L,0.7742029022296996,W,0,Toronto Raptors,TOR,Charlotte Hornets,CHA
0022500303,2025-11-30,1610612761,1610612752,0,L,0.5000967925526377,W,0,Toronto Raptors,TOR,New York Knicks,NYK
0022500319,2025-12-02,1610612761,1610612757,1,W,0.7392787059162856,W,1,Toronto Raptors,TOR,Portland Trail Blazers,POR
0022500336,2025-12-04,1610612761,1610612747,1,L,0.5140910434899509,W,0,Toronto Raptors,TOR,Los Angeles Lakers,LAL
0022500344,2025-12-05,1610612761,1610612766,1,L,0.7070633036900756,W,0,Toronto Raptors,TOR,Charlotte Hornets,CHA
0022500358,2025-12-07,1610612761,1610612738,1,L,0.34553102370207117,L,1,Toronto Raptors,TOR,Boston Celtics,BOS
0022501202,2025-12-09,1610612761,1610612752,1,L,0.2735969152087412,L,1,Toronto Raptors,TOR,New York Knicks,NYK
0022501227,2025-12-15,1610612761,1610612748,0,W,0.32633753319098224,L,0,Toronto Raptors,TOR,Miami Heat,MIA
0022500374,2025-12-18,1610612761,1610612749,0,W,0.5067959339690309,W,1,Toronto Raptors,TOR,Milwaukee Bucks,MIL
0022500388,2025-12-20,1610612761,1610612738,1,L,0.4024225766161717,L,1,Toronto Raptors,TOR,Boston Celtics,BOS
0022500397,2025-12-21,1610612761,1610612751,0,L,0.3519950823740242,L,1,Toronto Raptors,TOR,Brooklyn Nets,BKN
0022500414,2025-12-23,1610612761,1610612748,0,W,0.4978414371514955,L,0,Toronto Raptors,TOR,Miami Heat,MIA
0022500425,2025-12-26,1610612761,1610612764,0,L,0.4668715428679302,L,1,Toronto Raptors,TOR,Washington Wizards,WAS
0022500441,2025-12-28,1610612761,1610612744,1,W,0.4483735172536779,L,0,Toronto Raptors,TOR,Golden State Warriors,GSW
0022500451,2025-12-29,1610612761,1610612753,1,W,0.5085910477512612,W,1,Toronto Raptors,TOR,Orlando Magic,ORL
0022500468,2025-12-31,1610612761,1610612743,1,L,0.5893049301813915,W,0,Toronto Raptors,TOR,Denver Nuggets,DEN
0022500488,2026-01-03,1610612761,1610612737,1,W,0.6556042576651052,W,1,Toronto Raptors,TOR,Atlanta Hawks,ATL
0022500504,2026-01-05,1610612761,1610612737,1,W,0.6980571651553257,W,1,Toronto Raptors,TOR,Atlanta Hawks,ATL
0022500516,2026-01-07,1610612761,1610612766,0,W,0.5329877719882296,W,1,Toronto Raptors,TOR,Charlotte Hornets,CHA
0022500532,2026-01-09,1610612761,1610612738,0,L,0.35618013977444735,L,1,Toronto Raptors,TOR,Boston Celtics,BOS
0022500550,2026-01-11,1610612761,1610612755,1,W,0.5365547119340052,W,1,Toronto Raptors,TOR,Philadelphia 76ers,PHI
0022500560,2026-01-12,1610612761,1610612755,1,L,0.6664273154292039,W,0,Toronto Raptors,TOR,Philadelphia 76ers,PHI
0022500571,2026-01-14,1610612761,1610612754,0,W,0.5477686551274062,W,1,Toronto Raptors,TOR,Indiana Pacers,IND
0022500590,2026-01-16,1610612761,1610612746,1,L,0.5267866419140436,W,0,Toronto Raptors,TOR,Los Angeles Clippers,LAC
0022500607,2026-01-18,1610612761,1610612747,0,L,0.5505218167845303,W,0,Toronto Raptors,TOR,Los Angeles Lakers,LAL
0022500618,2026-01-20,1610612761,1610612744,0,W,0.342352418770984,L,0,Toronto Raptors,TOR,Golden State Warriors,GSW
0022500626,2026-01-21,1610612761,1610612758,0,W,0.5603585235004507,W,1,Toronto Raptors,TOR,Sacramento Kings,SAC
0022500642,2026-01-23,1610612761,1610612757,0,W,0.4483728109373016,L,0,Toronto Raptors,TOR,Portland Trail Blazers,POR
0022500653,2026-01-25,1610612761,1610612760,0,W,0.327478419707302,L,0,Toronto Raptors,TOR,Oklahoma City Thunder,OKC
0022500675,2026-01-28,1610612761,1610612752,1,L,0.5577987463111649,W,0,Toronto Raptors,TOR,New York Knicks,NYK
0022500687,2026-01-30,1610612761,1610612753,0,L,0.6243012445974386,W,0,Toronto Raptors,TOR,Orlando Magic,ORL
0022500706,2026-02-01,1610612761,1610612762,1,W,0.7779017533532049,W,1,Toronto Raptors,TOR,Utah Jazz,UTA
0022500727,2026-02-04,1610612761,1610612750,1,L,0.5510810796689213,W,0,Toronto Raptors,TOR,Minnesota Timberwolves,MIN
0022500736,2026-02-05,1610612761,1610612741,1,W,0.566664651434189,W,1,Toronto Raptors,TOR,Chicago Bulls,CHI
0022500759,2026-02-08,1610612761,1610612754,1,W,0.6359385442381263,W,1,Toronto Raptors,TOR,Indiana Pacers,IND
0022500781,2026-02-11,1610612761,1610612765,1,L,0.47179922458856177,L,1,Toronto Raptors,TOR,Detroit Pistons,DET
0022500797,2026-02-19,1610612761,1610612741,0,W,0.7831117199688171,W,1,Toronto Raptors,TOR,Chicago Bulls,CHI
0022500819,2026-02-22,1610612761,1610612749,0,W,0.41374662888655106,L,0,Toronto Raptors,TOR,Milwaukee Bucks,MIL
0022500834,2026-02-24,1610612761,1610612760,1,L,0.5739503355521802,W,0,Toronto Raptors,TOR,Oklahoma City Thunder,OKC
0022500843,2026-02-25,1610612761,1610612759,1,L,0.34740339787952984,L,1,Toronto Raptors,TOR,San Antonio Spurs,SAS
0022500865,2026-02-28,1610612761,1610612764,0,W,0.6157470619713431,W,1,Toronto Raptors,TOR,Washington Wizards,WAS
0022500887,2026-03-03,1610612761,1610612752,1,L,0.5480796048676381,W,0,Toronto Raptors,TOR,New York Knicks,NYK
0022500903,2026-03-05,1610612761,1610612750,0,L,0.4251194166276938,L,1,Toronto Raptors,TOR,Minnesota Timberwolves,MIN
0022500924,2026-03-08,1610612761,1610612742,1,W,0.6838688773232691,W,1,Toronto Raptors,TOR,Dallas Mavericks,DAL
0022500940,2026-03-10,1610612761,1610612745,0,L,0.5279759635448719,W,0,Toronto Raptors,TOR,Houston Rockets,HOU
0022500948,2026-03-11,1610612761,1610612740,0,L,0.441055008262687,L,1,Toronto Raptors,TOR,New Orleans Pelicans,NOP
0022500963,2026-03-13,1610612761,1610612756,1,W,0.41567129825764887,L,0,Toronto Raptors,TOR,Phoenix Suns,PHX
0022500978,2026-03-15,1610612761,1610612765,1,W,0.4286596146411944,L,0,Toronto Raptors,TOR,Detroit Pistons,DET
0022501002,2026-03-18,1610612761,1610612741,0,W,0.5609844423807799,W,1,Toronto Raptors,TOR,Chicago Bulls,CHI
0022501021,2026-03-20,1610612761,1610612743,0,L,0.4277950941002965,L,1,Toronto Raptors,TOR,Denver Nuggets,DEN
0022501036,2026-03-22,1610612761,1610612756,0,L,0.5746429728178213,W,0,Toronto Raptors,TOR,Phoenix Suns,PHX
0022501043,2026-03-23,1610612761,1610612762,0,W,0.5293921373762295,W,1,Toronto Raptors,TOR,Utah Jazz,UTA
0022501062,2026-03-25,1610612761,1610612746,0,L,0.4519165928420538,L,1,Toronto Raptors,TOR,Los Angeles Clippers,LAC
0022501071,2026-03-27,1610612761,1610612740,1,W,0.5277649632861797,W,1,Toronto Raptors,TOR,New Orleans Pelicans,NOP
0022501086,2026-03-29,1610612761,1610612753,1,W,0.5580411619958509,W,1,Toronto Raptors,TOR,Orlando Magic,ORL
0022501101,2026-03-31,1610612761,1610612765,0,L,0.4207796750992823,L,1,Toronto Raptors,TOR,Detroit Pistons,DET
0022501108,2026-04-01,1610612761,1610612758,1,L,0.6767134659083209,W,0,Toronto Raptors,TOR,Sacramento Kings,SAC
0022501125,2026-04-03,1610612761,1610612763,0,W,0.6625990864370523,W,1,Toronto Raptors,TOR,Memphis Grizzlies,MEM
0022501132,2026-04-05,1610612761,1610612738,0,L,0.3396697154740351,L,1,Toronto Raptors,TOR,Boston Celtics,BOS
0022501151,2026-04-07,1610612761,1610612748,1,W,0.6677341796233071,W,1,Toronto Raptors,TOR,Miami Heat,MIA
0022501165,2026-04-09,1610612761,1610612748,1,W,0.6330798909566068,W,1,Toronto Raptors,TOR,Miami Heat,MIA
0022501176,2026-04-10,1610612761,1610612752,0,L,0.3802896517793045,L,1,Toronto Raptors,TOR,New York Knicks,NYK
0022501192,2026-04-12,1610612761,1610612751,1,W,0.7026202155980602,W,1,Toronto Raptors,TOR,Brooklyn Nets,BKN
0022500150,2025-11-02,1610612762,1610612766,0,L,0.5325766298537483,W,0,Utah Jazz,UTA,Charlotte Hornets,CHA
0022500158,2025-11-03,1610612762,1610612738,0,W,0.30710229565300057,L,0,Utah Jazz,UTA,Boston Celtics,BOS
0022500172,2025-11-05,1610612762,1610612765,0,L,0.2607304229697567,L,1,Utah Jazz,UTA,Detroit Pistons,DET
0022500036,2025-11-07,1610612762,1610612750,0,L,0.38596768931104036,L,1,Utah Jazz,UTA,Minnesota Timberwolves,MIN
0022500205,2025-11-10,1610612762,1610612750,1,L,0.32858157688015255,L,1,Utah Jazz,UTA,Minnesota Timberwolves,MIN
0022500211,2025-11-11,1610612762,1610612754,1,W,0.5545720411299665,W,1,Utah Jazz,UTA,Indiana Pacers,IND
0022500227,2025-11-13,1610612762,1610612737,1,L,0.34997785745272236,L,1,Utah Jazz,UTA,Atlanta Hawks,ATL
0022500240,2025-11-16,1610612762,1610612741,1,W,0.41588769636832185,L,0,Utah Jazz,UTA,Chicago Bulls,CHI
0022500253,2025-11-18,1610612762,1610612747,0,L,0.24790937248550762,L,1,Utah Jazz,UTA,Los Angeles Lakers,LAL
0022500055,2025-11-21,1610612762,1610612760,1,L,0.2137597351119303,L,1,Utah Jazz,UTA,Oklahoma City Thunder,OKC
0022500282,2025-11-23,1610612762,1610612747,1,L,0.19822106128681402,L,1,Utah Jazz,UTA,Los Angeles Lakers,LAL
0022500291,2025-11-24,1610612762,1610612744,0,L,0.35554156190038383,L,1,Utah Jazz,UTA,Golden State Warriors,GSW
0022500077,2025-11-28,1610612762,1610612758,1,W,0.49316932911412914,L,0,Utah Jazz,UTA,Sacramento Kings,SAC
0022500301,2025-11-30,1610612762,1610612745,1,L,0.21943629519813526,L,1,Utah Jazz,UTA,Houston Rockets,HOU
0022500316,2025-12-01,1610612762,1610612745,1,W,0.20781058453507517,L,0,Utah Jazz,UTA,Houston Rockets,HOU
0022500335,2025-12-04,1610612762,1610612751,0,W,0.45552976610390183,L,0,Utah Jazz,UTA,Brooklyn Nets,BKN
0022500343,2025-12-05,1610612762,1610612752,0,L,0.24921067173667044,L,1,Utah Jazz,UTA,New York Knicks,NYK
0022500363,2025-12-07,1610612762,1610612760,1,L,0.23171194158870126,L,1,Utah Jazz,UTA,Oklahoma City Thunder,OKC
0022501213,2025-12-12,1610612762,1610612763,0,W,0.2078135092292953,L,0,Utah Jazz,UTA,Memphis Grizzlies,MEM
0022501224,2025-12-15,1610612762,1610612742,1,W,0.38388749594350957,L,0,Utah Jazz,UTA,Dallas Mavericks,DAL
0022500379,2025-12-18,1610612762,1610612747,1,L,0.41755393594832585,L,1,Utah Jazz,UTA,Los Angeles Lakers,LAL
0022500393,2025-12-20,1610612762,1610612753,1,L,0.435781781821261,L,1,Utah Jazz,UTA,Orlando Magic,ORL
0022500405,2025-12-22,1610612762,1610612743,0,L,0.30525635104867116,L,1,Utah Jazz,UTA,Denver Nuggets,DEN
0022500419,2025-12-23,1610612762,1610612763,1,L,0.4672456954714827,L,1,Utah Jazz,UTA,Memphis Grizzlies,MEM
0022500430,2025-12-26,1610612762,1610612765,1,W,0.2736054773545717,L,0,Utah Jazz,UTA,Detroit Pistons,DET
0022500440,2025-12-27,1610612762,1610612759,0,W,0.13000812129284117,L,0,Utah Jazz,UTA,San Antonio Spurs,SAS
0022500459,2025-12-30,1610612762,1610612738,1,L,0.33961512590016574,L,1,Utah Jazz,UTA,Boston Celtics,BOS
0022500475,2026-01-01,1610612762,1610612746,0,L,0.2530382231314786,L,1,Utah Jazz,UTA,Los Angeles Clippers,LAC
0022500492,2026-01-03,1610612762,1610612744,0,L,0.4358388484859089,L,1,Utah Jazz,UTA,Golden State Warriors,GSW
0022500509,2026-01-05,1610612762,1610612757,0,L,0.31451851584498813,L,1,Utah Jazz,UTA,Portland Trail Blazers,POR
0022500525,2026-01-07,1610612762,1610612760,0,L,0.22900109677144964,L,1,Utah Jazz,UTA,Oklahoma City Thunder,OKC
0022500531,2026-01-08,1610612762,1610612742,1,W,0.36975872219616107,L,0,Utah Jazz,UTA,Dallas Mavericks,DAL
0022500547,2026-01-10,1610612762,1610612766,1,L,0.3889905749046457,L,1,Utah Jazz,UTA,Charlotte Hornets,CHA
0022500558,2026-01-12,1610612762,1610612739,0,W,0.2737431208053137,L,0,Utah Jazz,UTA,Cleveland Cavaliers,CLE
0022500573,2026-01-14,1610612762,1610612741,0,L,0.37285500259701926,L,1,Utah Jazz,UTA,Chicago Bulls,CHI
0022500583,2026-01-15,1610612762,1610612742,0,L,0.3651789037223102,L,1,Utah Jazz,UTA,Dallas Mavericks,DAL
0022500593,2026-01-17,1610612762,1610612742,0,L,0.29639280090324943,L,1,Utah Jazz,UTA,Dallas Mavericks,DAL
0022500611,2026-01-19,1610612762,1610612759,0,L,0.19478619517550072,L,1,Utah Jazz,UTA,San Antonio Spurs,SAS
0022500616,2026-01-20,1610612762,1610612750,1,W,0.30686788038079965,L,0,Utah Jazz,UTA,Minnesota Timberwolves,MIN
0022500632,2026-01-22,1610612762,1610612759,1,L,0.3617260032529771,L,1,Utah Jazz,UTA,San Antonio Spurs,SAS
0022500649,2026-01-24,1610612762,1610612748,1,L,0.44322024453673886,L,1,Utah Jazz,UTA,Miami Heat,MIA
0022500670,2026-01-27,1610612762,1610612746,1,L,0.2844653323999048,L,1,Utah Jazz,UTA,Los Angeles Clippers,LAC
0022500678,2026-01-28,1610612762,1610612744,1,L,0.3680821330847631,L,1,Utah Jazz,UTA,Golden State Warriors,GSW
0022500694,2026-01-30,1610612762,1610612751,1,L,0.5724771609412389,W,0,Utah Jazz,UTA,Brooklyn Nets,BKN
0022500706,2026-02-01,1610612762,1610612761,0,L,0.2414070456334754,L,1,Utah Jazz,UTA,Toronto Raptors,TOR
0022500717,2026-02-03,1610612762,1610612754,0,W,0.29194365970466957,L,0,Utah Jazz,UTA,Indiana Pacers,IND
0022500735,2026-02-05,1610612762,1610612737,0,L,0.2960941655947018,L,1,Utah Jazz,UTA,Atlanta Hawks,ATL
0022500750,2026-02-07,1610612762,1610612753,0,L,0.35477991414637994,L,1,Utah Jazz,UTA,Orlando Magic,ORL
0022500763,2026-02-09,1610612762,1610612748,0,W,0.30120288896388175,L,0,Utah Jazz,UTA,Miami Heat,MIA
0022500786,2026-02-11,1610612762,1610612758,1,W,0.6342280558778277,W,1,Utah Jazz,UTA,Sacramento Kings,SAC
0022500790,2026-02-12,1610612762,1610612757,1,L,0.5865445608132049,W,0,Utah Jazz,UTA,Portland Trail Blazers,POR
0022500804,2026-02-20,1610612762,1610612763,0,L,0.5466761259981064,W,0,Utah Jazz,UTA,Memphis Grizzlies,MEM
0022500830,2026-02-23,1610612762,1610612745,0,L,0.30760781512717766,L,1,Utah Jazz,UTA,Houston Rockets,HOU
0022500856,2026-02-26,1610612762,1610612740,1,L,0.425745069705606,L,1,Utah Jazz,UTA,New Orleans Pelicans,NOP
0022500867,2026-02-28,1610612762,1610612740,1,L,0.41035874453781906,L,1,Utah Jazz,UTA,New Orleans Pelicans,NOP
0022500881,2026-03-02,1610612762,1610612743,1,L,0.3522427056734661,L,1,Utah Jazz,UTA,Denver Nuggets,DEN
0022500895,2026-03-04,1610612762,1610612755,0,L,0.3464812857027177,L,1,Utah Jazz,UTA,Philadelphia 76ers,PHI
0022500900,2026-03-05,1610612762,1610612764,0,W,0.46160567625678844,L,0,Utah Jazz,UTA,Washington Wizards,WAS
0022500919,2026-03-07,1610612762,1610612749,0,L,0.44767697125724276,L,1,Utah Jazz,UTA,Milwaukee Bucks,MIL
0022500934,2026-03-09,1610612762,1610612744,1,W,0.503502911284181,W,1,Utah Jazz,UTA,Golden State Warriors,GSW
0022500949,2026-03-11,1610612762,1610612752,1,L,0.39405941612834305,L,1,Utah Jazz,UTA,New York Knicks,NYK
0022500967,2026-03-13,1610612762,1610612757,0,L,0.38547858768913434,L,1,Utah Jazz,UTA,Portland Trail Blazers,POR
0022500982,2026-03-15,1610612762,1610612758,0,L,0.2914515134304029,L,1,Utah Jazz,UTA,Sacramento Kings,SAC
0022501004,2026-03-18,1610612762,1610612750,0,L,0.3098654024798034,L,1,Utah Jazz,UTA,Minnesota Timberwolves,MIN
0022501014,2026-03-19,1610612762,1610612749,1,W,0.43787482039785103,L,0,Utah Jazz,UTA,Milwaukee Bucks,MIL
0022501030,2026-03-21,1610612762,1610612755,1,L,0.40230488616513144,L,1,Utah Jazz,UTA,Philadelphia 76ers,PHI
0022501043,2026-03-23,1610612762,1610612761,1,L,0.4209537795871134,L,1,Utah Jazz,UTA,Toronto Raptors,TOR
0022501057,2026-03-25,1610612762,1610612764,1,L,0.7087831658804131,W,0,Utah Jazz,UTA,Washington Wizards,WAS
0022501072,2026-03-27,1610612762,1610612743,0,L,0.17817804963174622,L,1,Utah Jazz,UTA,Denver Nuggets,DEN
0022501081,2026-03-28,1610612762,1610612756,0,L,0.3138690131948163,L,1,Utah Jazz,UTA,Phoenix Suns,PHX
0022501096,2026-03-30,1610612762,1610612739,1,L,0.2357625013449646,L,1,Utah Jazz,UTA,Cleveland Cavaliers,CLE
0022501112,2026-04-01,1610612762,1610612743,1,L,0.19259013177862197,L,1,Utah Jazz,UTA,Denver Nuggets,DEN
0022501124,2026-04-03,1610612762,1610612745,0,L,0.16191592447613598,L,1,Utah Jazz,UTA,Houston Rockets,HOU
0022501139,2026-04-05,1610612762,1610612760,0,L,0.10434495428005586,L,1,Utah Jazz,UTA,Oklahoma City Thunder,OKC
0022501153,2026-04-07,1610612762,1610612740,0,L,0.3665657268514556,L,1,Utah Jazz,UTA,New Orleans Pelicans,NOP
0022501181,2026-04-10,1610612762,1610612763,1,W,0.4896519791382895,L,0,Utah Jazz,UTA,Memphis Grizzlies,MEM
0022501198,2026-04-12,1610612762,1610612747,0,L,0.25015047872597906,L,1,Utah Jazz,UTA,Los Angeles Lakers,LAL
0022500024,2025-10-31,1610612763,1610612747,1,L,0.5045171444619746,W,0,Memphis Grizzlies,MEM,Los Angeles Lakers,LAL
0022500152,2025-11-02,1610612763,1610612761,0,L,0.560752001315039,W,0,Memphis Grizzlies,MEM,Toronto Raptors,TOR
0022500161,2025-11-03,1610612763,1610612765,1,L,0.465960703229026,L,1,Memphis Grizzlies,MEM,Detroit Pistons,DET
0022500176,2025-11-05,1610612763,1610612745,1,L,0.354360690308327,L,1,Memphis Grizzlies,MEM,Houston Rockets,HOU
0022500034,2025-11-07,1610612763,1610612742,1,W,0.5246271076881255,W,1,Memphis Grizzlies,MEM,Dallas Mavericks,DAL
0022500194,2025-11-09,1610612763,1610612760,1,L,0.29049773893424635,L,1,Memphis Grizzlies,MEM,Oklahoma City Thunder,OKC
0022500208,2025-11-11,1610612763,1610612752,0,L,0.2425177675975691,L,1,Memphis Grizzlies,MEM,New York Knicks,NYK
0022500216,2025-11-12,1610612763,1610612738,0,L,0.2827108797390106,L,1,Memphis Grizzlies,MEM,Boston Celtics,BOS
0022500228,2025-11-15,1610612763,1610612739,0,L,0.269985371939885,L,1,Memphis Grizzlies,MEM,Cleveland Cavaliers,CLE
0022500252,2025-11-18,1610612763,1610612759,0,L,0.29425345834073074,L,1,Memphis Grizzlies,MEM,San Antonio Spurs,SAS
0022500265,2025-11-20,1610612763,1610612758,1,W,0.5444088514758919,W,1,Memphis Grizzlies,MEM,Sacramento Kings,SAC
0022500273,2025-11-22,1610612763,1610612742,0,W,0.4891403173705723,L,0,Memphis Grizzlies,MEM,Dallas Mavericks,DAL
0022500287,2025-11-24,1610612763,1610612743,1,L,0.3908618870341912,L,1,Memphis Grizzlies,MEM,Denver Nuggets,DEN
0022500065,2025-11-26,1610612763,1610612740,0,W,0.6101892136939377,W,1,Memphis Grizzlies,MEM,New Orleans Pelicans,NOP
0022500079,2025-11-28,1610612763,1610612746,0,W,0.6149862359583841,W,1,Memphis Grizzlies,MEM,Los Angeles Clippers,LAC
0022500307,2025-11-30,1610612763,1610612758,0,W,0.6334098338283259,W,1,Memphis Grizzlies,MEM,Sacramento Kings,SAC
0022500322,2025-12-02,1610612763,1610612759,0,L,0.4547077179372889,L,1,Memphis Grizzlies,MEM,San Antonio Spurs,SAS
0022500347,2025-12-05,1610612763,1610612746,1,W,0.6730088871165767,W,1,Memphis Grizzlies,MEM,Los Angeles Clippers,LAC
0022500360,2025-12-07,1610612763,1610612757,1,W,0.7022236224403922,W,1,Memphis Grizzlies,MEM,Portland Trail Blazers,POR
0022501213,2025-12-12,1610612763,1610612762,1,L,0.7828085544670226,W,0,Memphis Grizzlies,MEM,Utah Jazz,UTA
0022501226,2025-12-15,1610612763,1610612746,0,W,0.5955406244689474,W,1,Memphis Grizzlies,MEM,Los Angeles Clippers,LAC
0022500368,2025-12-17,1610612763,1610612750,0,W,0.4370435509324353,L,0,Memphis Grizzlies,MEM,Minnesota Timberwolves,MIN
0022500391,2025-12-20,1610612763,1610612764,1,L,0.7746777227795482,W,0,Memphis Grizzlies,MEM,Washington Wizards,WAS
0022500406,2025-12-22,1610612763,1610612760,0,L,0.36153039395101444,L,1,Memphis Grizzlies,MEM,Oklahoma City Thunder,OKC
0022500419,2025-12-23,1610612763,1610612762,0,W,0.5591385217768932,W,1,Memphis Grizzlies,MEM,Utah Jazz,UTA
0022500428,2025-12-26,1610612763,1610612749,1,W,0.5841272837853736,W,1,Memphis Grizzlies,MEM,Milwaukee Bucks,MIL
0022500443,2025-12-28,1610612763,1610612764,0,L,0.5194556529788229,W,0,Memphis Grizzlies,MEM,Washington Wizards,WAS
0022500458,2025-12-30,1610612763,1610612755,1,L,0.5736073974060407,W,0,Memphis Grizzlies,MEM,Philadelphia 76ers,PHI
0022500485,2026-01-02,1610612763,1610612747,0,L,0.5300358062840088,W,0,Memphis Grizzlies,MEM,Los Angeles Lakers,LAL
0022500501,2026-01-04,1610612763,1610612747,0,L,0.4850786570008247,L,1,Memphis Grizzlies,MEM,Los Angeles Lakers,LAL
0022500512,2026-01-06,1610612763,1610612759,1,W,0.4111084540884849,L,0,Memphis Grizzlies,MEM,San Antonio Spurs,SAS
0022500524,2026-01-07,1610612763,1610612756,1,L,0.3300308259332806,L,1,Memphis Grizzlies,MEM,Phoenix Suns,PHX
0022500536,2026-01-09,1610612763,1610612760,1,L,0.36813339439315423,L,1,Memphis Grizzlies,MEM,Oklahoma City Thunder,OKC
0022500549,2026-01-11,1610612763,1610612751,1,W,0.5496434841535969,W,1,Memphis Grizzlies,MEM,Brooklyn Nets,BKN
0022500578,2026-01-15,1610612763,1610612753,0,L,0.43132675111376945,L,1,Memphis Grizzlies,MEM,Orlando Magic,ORL
0022500602,2026-01-18,1610612763,1610612753,0,W,0.3528430343033698,L,0,Memphis Grizzlies,MEM,Orlando Magic,ORL
0022500623,2026-01-21,1610612763,1610612737,1,L,0.5710101065313542,W,0,Memphis Grizzlies,MEM,Atlanta Hawks,ATL
0022500639,2026-01-23,1610612763,1610612740,1,L,0.5911337388268922,W,0,Memphis Grizzlies,MEM,New Orleans Pelicans,NOP
0022500662,2026-01-26,1610612763,1610612745,0,L,0.37065120343606833,L,1,Memphis Grizzlies,MEM,Houston Rockets,HOU
0022500676,2026-01-28,1610612763,1610612766,1,L,0.32081395637852034,L,1,Memphis Grizzlies,MEM,Charlotte Hornets,CHA
0022500691,2026-01-30,1610612763,1610612740,0,L,0.39395453671467034,L,1,Memphis Grizzlies,MEM,New Orleans Pelicans,NOP
0022500700,2026-01-31,1610612763,1610612750,1,L,0.3693515224284318,L,1,Memphis Grizzlies,MEM,Minnesota Timberwolves,MIN
0022500714,2026-02-02,1610612763,1610612750,1,W,0.3438520491462417,L,0,Memphis Grizzlies,MEM,Minnesota Timberwolves,MIN
0022500731,2026-02-04,1610612763,1610612758,0,W,0.5149703899444803,W,1,Memphis Grizzlies,MEM,Sacramento Kings,SAC
0022500745,2026-02-06,1610612763,1610612757,0,L,0.5001352294320646,W,0,Memphis Grizzlies,MEM,Portland Trail Blazers,POR
0022500755,2026-02-07,1610612763,1610612757,0,L,0.4538925909151004,L,1,Memphis Grizzlies,MEM,Portland Trail Blazers,POR
0022500768,2026-02-09,1610612763,1610612744,0,L,0.3778716623807235,L,1,Memphis Grizzlies,MEM,Golden State Warriors,GSW
0022500787,2026-02-11,1610612763,1610612743,0,L,0.35160430302574747,L,1,Memphis Grizzlies,MEM,Denver Nuggets,DEN
0022500804,2026-02-20,1610612763,1610612762,1,W,0.44983726193429485,L,0,Memphis Grizzlies,MEM,Utah Jazz,UTA
0022500813,2026-02-21,1610612763,1610612748,0,L,0.2393994274029231,L,1,Memphis Grizzlies,MEM,Miami Heat,MIA
0022500829,2026-02-23,1610612763,1610612758,1,L,0.7027642442578981,W,0,Memphis Grizzlies,MEM,Sacramento Kings,SAC
0022500844,2026-02-25,1610612763,1610612744,1,L,0.49082701885790236,L,1,Memphis Grizzlies,MEM,Golden State Warriors,GSW
0022500861,2026-02-27,1610612763,1610612742,0,W,0.43407606878737115,L,0,Memphis Grizzlies,MEM,Dallas Mavericks,DAL
0022500872,2026-03-01,1610612763,1610612754,0,W,0.5570597609507493,W,1,Memphis Grizzlies,MEM,Indiana Pacers,IND
0022500890,2026-03-03,1610612763,1610612750,0,L,0.29230901352640465,L,1,Memphis Grizzlies,MEM,Minnesota Timberwolves,MIN
0022500896,2026-03-04,1610612763,1610612757,1,L,0.4967699316425767,L,1,Memphis Grizzlies,MEM,Portland Trail Blazers,POR
0022500918,2026-03-07,1610612763,1610612746,1,L,0.38856689151206075,L,1,Memphis Grizzlies,MEM,Los Angeles Clippers,LAC
0022500932,2026-03-09,1610612763,1610612751,0,L,0.6485810172064561,W,0,Memphis Grizzlies,MEM,Brooklyn Nets,BKN
0022500936,2026-03-10,1610612763,1610612755,0,L,0.40913484926174365,L,1,Memphis Grizzlies,MEM,Philadelphia 76ers,PHI
0022501111,2026-03-12,1610612763,1610612742,1,L,0.5295355299170865,W,0,Memphis Grizzlies,MEM,Dallas Mavericks,DAL
0022500961,2026-03-13,1610612763,1610612765,0,L,0.2591721374451026,L,1,Memphis Grizzlies,MEM,Detroit Pistons,DET
0022500987,2026-03-16,1610612763,1610612741,0,L,0.3258125307276202,L,1,Memphis Grizzlies,MEM,Chicago Bulls,CHI
0022500651,2026-03-18,1610612763,1610612743,1,W,0.26032142903074607,L,0,Memphis Grizzlies,MEM,Denver Nuggets,DEN
0022501019,2026-03-20,1610612763,1610612738,1,L,0.2574716746202317,L,1,Memphis Grizzlies,MEM,Boston Celtics,BOS
0022501023,2026-03-21,1610612763,1610612766,0,L,0.18377359097336143,L,1,Memphis Grizzlies,MEM,Charlotte Hornets,CHA
0022501037,2026-03-23,1610612763,1610612737,0,L,0.15863878571971077,L,1,Memphis Grizzlies,MEM,Atlanta Hawks,ATL
0022501056,2026-03-25,1610612763,1610612759,1,L,0.153877376709166,L,1,Memphis Grizzlies,MEM,San Antonio Spurs,SAS
0022501069,2026-03-27,1610612763,1610612745,1,L,0.348800037548633,L,1,Memphis Grizzlies,MEM,Houston Rockets,HOU
0022501079,2026-03-28,1610612763,1610612741,1,W,0.4582629709242489,L,0,Memphis Grizzlies,MEM,Chicago Bulls,CHI
0022501093,2026-03-30,1610612763,1610612756,1,L,0.26534036507945363,L,1,Memphis Grizzlies,MEM,Phoenix Suns,PHX
0022501003,2026-04-01,1610612763,1610612752,1,L,0.23816716469462038,L,1,Memphis Grizzlies,MEM,New York Knicks,NYK
0022501125,2026-04-03,1610612763,1610612761,1,L,0.3044998009927864,L,1,Memphis Grizzlies,MEM,Toronto Raptors,TOR
0022501135,2026-04-05,1610612763,1610612749,0,L,0.40989763446118205,L,1,Memphis Grizzlies,MEM,Milwaukee Bucks,MIL
0022501145,2026-04-06,1610612763,1610612739,1,L,0.16173520960804766,L,1,Memphis Grizzlies,MEM,Cleveland Cavaliers,CLE
0022501162,2026-04-08,1610612763,1610612743,0,L,0.11145643712697793,L,1,Memphis Grizzlies,MEM,Denver Nuggets,DEN
0022501181,2026-04-10,1610612763,1610612762,0,L,0.48982151359295345,L,1,Memphis Grizzlies,MEM,Utah Jazz,UTA
0022501194,2026-04-12,1610612763,1610612745,0,L,0.10884075673156345,L,1,Memphis Grizzlies,MEM,Houston Rockets,HOU
0022500145,2025-11-01,1610612764,1610612753,1,L,0.4949808799498563,L,1,Washington Wizards,WAS,Orlando Magic,ORL
0022500159,2025-11-03,1610612764,1610612752,0,L,0.26026732825547627,L,1,Washington Wizards,WAS,New York Knicks,NYK
0022500174,2025-11-05,1610612764,1610612738,0,L,0.21786989265246892,L,1,Washington Wizards,WAS,Boston Celtics,BOS
0022500029,2025-11-07,1610612764,1610612739,1,L,0.2739370062777026,L,1,Washington Wizards,WAS,Cleveland Cavaliers,CLE
0022500183,2025-11-08,1610612764,1610612742,1,L,0.3608849444473605,L,1,Washington Wizards,WAS,Dallas Mavericks,DAL
0022500199,2025-11-10,1610612764,1610612765,0,L,0.11268729650638615,L,1,Washington Wizards,WAS,Detroit Pistons,DET
0022500218,2025-11-12,1610612764,1610612745,0,L,0.15143155412733617,L,1,Washington Wizards,WAS,Houston Rockets,HOU
0022500235,2025-11-16,1610612764,1610612751,1,L,0.46679661886640317,L,1,Washington Wizards,WAS,Brooklyn Nets,BKN
0022500259,2025-11-19,1610612764,1610612750,0,L,0.13929138294560586,L,1,Washington Wizards,WAS,Minnesota Timberwolves,MIN
0022500050,2025-11-21,1610612764,1610612761,0,L,0.12002130209004148,L,1,Washington Wizards,WAS,Toronto Raptors,TOR
0022500271,2025-11-22,1610612764,1610612741,0,L,0.33746777396031236,L,1,Washington Wizards,WAS,Chicago Bulls,CHI
0022500057,2025-11-25,1610612764,1610612737,1,W,0.2518362005874348,L,0,Washington Wizards,WAS,Atlanta Hawks,ATL
0022500073,2025-11-28,1610612764,1610612754,0,L,0.42909102911793023,L,1,Washington Wizards,WAS,Indiana Pacers,IND
0022500311,2025-12-01,1610612764,1610612749,1,W,0.46500799921339897,L,0,Washington Wizards,WAS,Milwaukee Bucks,MIL
0022500318,2025-12-02,1610612764,1610612755,0,L,0.4097243886256307,L,1,Washington Wizards,WAS,Philadelphia 76ers,PHI
0022500334,2025-12-04,1610612764,1610612738,1,L,0.3052361260871035,L,1,Washington Wizards,WAS,Boston Celtics,BOS
0022500351,2025-12-06,1610612764,1610612737,1,L,0.47692620723540025,L,1,Washington Wizards,WAS,Atlanta Hawks,ATL
0022501212,2025-12-12,1610612764,1610612739,1,L,0.31514899015857617,L,1,Washington Wizards,WAS,Cleveland Cavaliers,CLE
0022501216,2025-12-14,1610612764,1610612754,0,W,0.30352438615384275,L,0,Washington Wizards,WAS,Indiana Pacers,IND
0022500370,2025-12-18,1610612764,1610612759,0,L,0.2692824087191158,L,1,Washington Wizards,WAS,San Antonio Spurs,SAS
0022500391,2025-12-20,1610612764,1610612763,0,W,0.20950742561158614,L,0,Washington Wizards,WAS,Memphis Grizzlies,MEM
0022500399,2025-12-21,1610612764,1610612759,1,L,0.3314979172998179,L,1,Washington Wizards,WAS,San Antonio Spurs,SAS
0022500409,2025-12-23,1610612764,1610612766,0,L,0.552345032795336,W,0,Washington Wizards,WAS,Charlotte Hornets,CHA
0022500425,2025-12-26,1610612764,1610612761,1,W,0.49745297125106125,L,0,Washington Wizards,WAS,Toronto Raptors,TOR
0022500443,2025-12-28,1610612764,1610612763,1,W,0.4897217820246279,L,0,Washington Wizards,WAS,Memphis Grizzlies,MEM
0022500448,2025-12-29,1610612764,1610612756,1,L,0.4329587770536037,L,1,Washington Wizards,WAS,Phoenix Suns,PHX
0022500469,2025-12-31,1610612764,1610612749,0,W,0.453710443966686,L,0,Washington Wizards,WAS,Milwaukee Bucks,MIL
0022500477,2026-01-02,1610612764,1610612751,1,W,0.5620189297463889,W,1,Washington Wizards,WAS,Brooklyn Nets,BKN
0022500498,2026-01-04,1610612764,1610612750,1,L,0.5759256356241802,W,0,Washington Wizards,WAS,Minnesota Timberwolves,MIN
0022500511,2026-01-06,1610612764,1610612753,1,W,0.4960502909339449,L,0,Washington Wizards,WAS,Orlando Magic,ORL
0022500518,2026-01-07,1610612764,1610612755,0,L,0.4861578617692462,L,1,Washington Wizards,WAS,Philadelphia 76ers,PHI
0022500534,2026-01-09,1610612764,1610612740,1,L,0.7051854204652914,W,0,Washington Wizards,WAS,New Orleans Pelicans,NOP
0022500555,2026-01-11,1610612764,1610612756,0,L,0.23603527639327976,L,1,Washington Wizards,WAS,Phoenix Suns,PHX
0022500577,2026-01-14,1610612764,1610612746,0,L,0.2551663339685678,L,1,Washington Wizards,WAS,Los Angeles Clippers,LAC
0022500592,2026-01-16,1610612764,1610612758,0,L,0.3448586101828575,L,1,Washington Wizards,WAS,Sacramento Kings,SAC
0022500600,2026-01-17,1610612764,1610612743,0,L,0.20344969116150013,L,1,Washington Wizards,WAS,Denver Nuggets,DEN
0022500608,2026-01-19,1610612764,1610612746,1,L,0.24030095313541738,L,1,Washington Wizards,WAS,Los Angeles Clippers,LAC
0022500629,2026-01-22,1610612764,1610612743,1,L,0.3121103903520529,L,1,Washington Wizards,WAS,Denver Nuggets,DEN
0022500645,2026-01-24,1610612764,1610612766,0,L,0.2503443450115414,L,1,Washington Wizards,WAS,Charlotte Hornets,CHA
0022500664,2026-01-27,1610612764,1610612757,1,W,0.3618302906168735,L,0,Washington Wizards,WAS,Portland Trail Blazers,POR
0022500681,2026-01-29,1610612764,1610612749,1,W,0.49211184624764354,L,0,Washington Wizards,WAS,Milwaukee Bucks,MIL
0022500688,2026-01-30,1610612764,1610612747,1,L,0.4183118420639666,L,1,Washington Wizards,WAS,Los Angeles Lakers,LAL
0022500707,2026-02-01,1610612764,1610612758,1,W,0.5663377062409027,W,1,Washington Wizards,WAS,Sacramento Kings,SAC
0022500718,2026-02-03,1610612764,1610612752,1,L,0.3024795014972001,L,1,Washington Wizards,WAS,New York Knicks,NYK
0022500733,2026-02-05,1610612764,1610612765,0,W,0.19257987249893066,L,0,Washington Wizards,WAS,Detroit Pistons,DET
0022500747,2026-02-07,1610612764,1610612751,0,L,0.561038874599664,W,0,Washington Wizards,WAS,Brooklyn Nets,BKN
0022500758,2026-02-08,1610612764,1610612748,1,L,0.38946495754546423,L,1,Washington Wizards,WAS,Miami Heat,MIA
0022500776,2026-02-11,1610612764,1610612739,0,L,0.2300081172726967,L,1,Washington Wizards,WAS,Cleveland Cavaliers,CLE
0022500795,2026-02-19,1610612764,1610612754,1,W,0.3881563463039204,L,0,Washington Wizards,WAS,Indiana Pacers,IND
0022500803,2026-02-20,1610612764,1610612754,1,W,0.5027867172048714,W,1,Washington Wizards,WAS,Indiana Pacers,IND
0022500822,2026-02-22,1610612764,1610612766,1,L,0.42900094666866523,L,1,Washington Wizards,WAS,Charlotte Hornets,CHA
0022500832,2026-02-24,1610612764,1610612737,0,L,0.40048133487621085,L,1,Washington Wizards,WAS,Atlanta Hawks,ATL
0022500850,2026-02-26,1610612764,1610612737,0,L,0.32296713919426884,L,1,Washington Wizards,WAS,Atlanta Hawks,ATL
0022500865,2026-02-28,1610612764,1610612761,1,L,0.37289139088452966,L,1,Washington Wizards,WAS,Toronto Raptors,TOR
0022500879,2026-03-02,1610612764,1610612745,1,L,0.30947728230330107,L,1,Washington Wizards,WAS,Houston Rockets,HOU
0022500885,2026-03-03,1610612764,1610612753,0,L,0.22467212942351275,L,1,Washington Wizards,WAS,Orlando Magic,ORL
0022500900,2026-03-05,1610612764,1610612762,1,L,0.4852435845020089,L,1,Washington Wizards,WAS,Utah Jazz,UTA
0022500925,2026-03-08,1610612764,1610612740,0,L,0.3133185189385803,L,1,Washington Wizards,WAS,New Orleans Pelicans,NOP
0022500938,2026-03-10,1610612764,1610612748,0,L,0.15115261862595597,L,1,Washington Wizards,WAS,Miami Heat,MIA
0022500955,2026-03-12,1610612764,1610612753,0,L,0.13228871946127757,L,1,Washington Wizards,WAS,Orlando Magic,ORL
0022500971,2026-03-14,1610612764,1610612738,0,L,0.1541085885281344,L,1,Washington Wizards,WAS,Boston Celtics,BOS
0022500984,2026-03-16,1610612764,1610612744,1,L,0.38557197284086114,L,1,Washington Wizards,WAS,Golden State Warriors,GSW
0022500993,2026-03-17,1610612764,1610612765,1,L,0.22818102301701787,L,1,Washington Wizards,WAS,Detroit Pistons,DET
0022501009,2026-03-19,1610612764,1610612765,1,L,0.22356928002810297,L,1,Washington Wizards,WAS,Detroit Pistons,DET
0022501022,2026-03-21,1610612764,1610612760,1,L,0.14091849627596326,L,1,Washington Wizards,WAS,Oklahoma City Thunder,OKC
0022501034,2026-03-22,1610612764,1610612752,0,L,0.12561144114296954,L,1,Washington Wizards,WAS,New York Knicks,NYK
0022501057,2026-03-25,1610612764,1610612762,0,W,0.27917337893691224,L,0,Washington Wizards,WAS,Utah Jazz,UTA
0022501073,2026-03-27,1610612764,1610612744,0,L,0.40741886002494415,L,1,Washington Wizards,WAS,Golden State Warriors,GSW
0022501087,2026-03-29,1610612764,1610612757,0,L,0.23001443582723477,L,1,Washington Wizards,WAS,Portland Trail Blazers,POR
0022501098,2026-03-30,1610612764,1610612747,0,L,0.13488669684591256,L,1,Washington Wizards,WAS,Los Angeles Lakers,LAL
0022501105,2026-04-01,1610612764,1610612755,1,L,0.2816535432990505,L,1,Washington Wizards,WAS,Philadelphia 76ers,PHI
0022501129,2026-04-04,1610612764,1610612748,0,L,0.3853281032361186,L,1,Washington Wizards,WAS,Miami Heat,MIA
0022501133,2026-04-05,1610612764,1610612751,0,L,0.41577420903012086,L,1,Washington Wizards,WAS,Brooklyn Nets,BKN
0022501148,2026-04-07,1610612764,1610612741,1,L,0.553909863532659,W,0,Washington Wizards,WAS,Chicago Bulls,CHI
0022501166,2026-04-09,1610612764,1610612741,1,L,0.484709124385955,L,1,Washington Wizards,WAS,Chicago Bulls,CHI
0022501172,2026-04-10,1610612764,1610612748,1,L,0.3531082374952171,L,1,Washington Wizards,WAS,Miami Heat,MIA
0022501187,2026-04-12,1610612764,1610612739,0,L,0.17163191147445198,L,1,Washington Wizards,WAS,Cleveland Cavaliers,CLE
0022500147,2025-11-01,1610612765,1610612742,0,W,0.5633113206278717,W,1,Detroit Pistons,DET,Dallas Mavericks,DAL
0022500161,2025-11-03,1610612765,1610612763,0,W,0.5545853219830219,W,1,Detroit Pistons,DET,Memphis Grizzlies,MEM
0022500172,2025-11-05,1610612765,1610612762,1,W,0.74316671726458,W,1,Detroit Pistons,DET,Utah Jazz,UTA
0022500031,2025-11-07,1610612765,1610612751,0,W,0.7526627080224615,W,1,Detroit Pistons,DET,Brooklyn Nets,BKN
0022500195,2025-11-09,1610612765,1610612755,0,W,0.6261519283066923,W,1,Detroit Pistons,DET,Philadelphia 76ers,PHI
0022500199,2025-11-10,1610612765,1610612764,1,W,0.8674932522257325,W,1,Detroit Pistons,DET,Washington Wizards,WAS
0022500214,2025-11-12,1610612765,1610612741,1,W,0.7384799196844711,W,1,Detroit Pistons,DET,Chicago Bulls,CHI
0022500041,2025-11-14,1610612765,1610612755,1,W,0.6596296114935563,W,1,Detroit Pistons,DET,Philadelphia 76ers,PHI
0022500242,2025-11-17,1610612765,1610612754,1,W,0.8761031317845505,W,1,Detroit Pistons,DET,Indiana Pacers,IND
0022500251,2025-11-18,1610612765,1610612737,0,W,0.48552500133648224,L,0,Detroit Pistons,DET,Atlanta Hawks,ATL
0022500272,2025-11-22,1610612765,1610612749,0,W,0.7349758384229016,W,1,Detroit Pistons,DET,Milwaukee Bucks,MIL
0022500283,2025-11-24,1610612765,1610612754,0,W,0.8141597688437672,W,1,Detroit Pistons,DET,Indiana Pacers,IND
0022500060,2025-11-26,1610612765,1610612738,0,L,0.5220036209189914,W,0,Detroit Pistons,DET,Boston Celtics,BOS
0022500072,2025-11-28,1610612765,1610612753,1,L,0.5365874797884395,W,0,Detroit Pistons,DET,Orlando Magic,ORL
0022500296,2025-11-29,1610612765,1610612748,0,W,0.3389830230314404,L,0,Detroit Pistons,DET,Miami Heat,MIA
0022500309,2025-12-01,1610612765,1610612737,1,W,0.5392922982821673,W,1,Detroit Pistons,DET,Atlanta Hawks,ATL
0022500331,2025-12-03,1610612765,1610612749,0,L,0.646212318853216,W,0,Detroit Pistons,DET,Milwaukee Bucks,MIL
0022500342,2025-12-05,1610612765,1610612757,1,W,0.6350031949801658,W,1,Detroit Pistons,DET,Portland Trail Blazers,POR
0022500353,2025-12-06,1610612765,1610612749,1,W,0.6927871343694909,W,1,Detroit Pistons,DET,Milwaukee Bucks,MIL
0022501210,2025-12-12,1610612765,1610612737,1,W,0.6431294966290222,W,1,Detroit Pistons,DET,Atlanta Hawks,ATL
0022501222,2025-12-15,1610612765,1610612738,0,W,0.3725740159622461,L,0,Detroit Pistons,DET,Boston Celtics,BOS
0022500376,2025-12-18,1610612765,1610612742,0,L,0.5672949337835851,W,0,Detroit Pistons,DET,Dallas Mavericks,DAL
0022500390,2025-12-20,1610612765,1610612766,1,W,0.6191496047781608,W,1,Detroit Pistons,DET,Charlotte Hornets,CHA
0022500408,2025-12-22,1610612765,1610612757,0,W,0.7285715230156542,W,1,Detroit Pistons,DET,Portland Trail Blazers,POR
0022500421,2025-12-23,1610612765,1610612758,0,W,0.7741119379749667,W,1,Detroit Pistons,DET,Sacramento Kings,SAC
0022500430,2025-12-26,1610612765,1610612762,0,L,0.7361657616449254,W,0,Detroit Pistons,DET,Utah Jazz,UTA
0022500445,2025-12-28,1610612765,1610612746,0,L,0.5602502925094158,W,0,Detroit Pistons,DET,Los Angeles Clippers,LAC
0022500460,2025-12-30,1610612765,1610612747,0,W,0.585215251375962,W,1,Detroit Pistons,DET,Los Angeles Lakers,LAL
0022500472,2026-01-01,1610612765,1610612748,1,L,0.6131462893120698,W,0,Detroit Pistons,DET,Miami Heat,MIA
0022500494,2026-01-04,1610612765,1610612739,0,W,0.43636811723507624,L,0,Detroit Pistons,DET,Cleveland Cavaliers,CLE
0022500502,2026-01-05,1610612765,1610612752,1,W,0.5489826338464675,W,1,Detroit Pistons,DET,New York Knicks,NYK
0022500517,2026-01-07,1610612765,1610612741,1,W,0.5634448406449634,W,1,Detroit Pistons,DET,Chicago Bulls,CHI
0022500544,2026-01-10,1610612765,1610612746,1,L,0.5789427150949494,W,0,Detroit Pistons,DET,Los Angeles Clippers,LAC
0022500579,2026-01-15,1610612765,1610612756,1,W,0.5091004850998833,W,1,Detroit Pistons,DET,Phoenix Suns,PHX
0022500595,2026-01-17,1610612765,1610612754,1,W,0.6027883371096101,W,1,Detroit Pistons,DET,Indiana Pacers,IND
0022500017,2026-01-19,1610612765,1610612738,1,W,0.5075459935704462,W,1,Detroit Pistons,DET,Boston Celtics,BOS
0022500624,2026-01-21,1610612765,1610612740,0,W,0.6800660701158577,W,1,Detroit Pistons,DET,New Orleans Pelicans,NOP
0022500635,2026-01-23,1610612765,1610612745,1,L,0.7290897879534687,W,0,Detroit Pistons,DET,Houston Rockets,HOU
0022500650,2026-01-25,1610612765,1610612758,1,W,0.7009016179502303,W,1,Detroit Pistons,DET,Sacramento Kings,SAC
0022500668,2026-01-27,1610612765,1610612743,0,W,0.47958085339048717,L,0,Detroit Pistons,DET,Denver Nuggets,DEN
0022500685,2026-01-29,1610612765,1610612756,0,L,0.5562715114605742,W,0,Detroit Pistons,DET,Phoenix Suns,PHX
0022500696,2026-01-30,1610612765,1610612744,0,W,0.5824687344066458,W,1,Detroit Pistons,DET,Golden State Warriors,GSW
0022500704,2026-02-01,1610612765,1610612751,1,W,0.7183853224222835,W,1,Detroit Pistons,DET,Brooklyn Nets,BKN
0022500716,2026-02-03,1610612765,1610612743,1,W,0.6375217735282982,W,1,Detroit Pistons,DET,Denver Nuggets,DEN
0022500733,2026-02-05,1610612765,1610612764,1,L,0.8068450596419572,W,0,Detroit Pistons,DET,Washington Wizards,WAS
0022500742,2026-02-06,1610612765,1610612752,1,W,0.40824025511884043,L,0,Detroit Pistons,DET,New York Knicks,NYK
0022500761,2026-02-09,1610612765,1610612766,0,W,0.46801989628786306,L,0,Detroit Pistons,DET,Charlotte Hornets,CHA
0022500781,2026-02-11,1610612765,1610612761,0,W,0.5511564449453186,W,1,Detroit Pistons,DET,Toronto Raptors,TOR
0022500796,2026-02-19,1610612765,1610612752,0,W,0.4172894821379425,L,0,Detroit Pistons,DET,New York Knicks,NYK
0022500814,2026-02-21,1610612765,1610612741,0,W,0.8226628382118083,W,1,Detroit Pistons,DET,Chicago Bulls,CHI
0022500828,2026-02-23,1610612765,1610612759,1,L,0.5008684589183351,W,0,Detroit Pistons,DET,San Antonio Spurs,SAS
0022500842,2026-02-25,1610612765,1610612760,1,W,0.5748374625834397,W,1,Detroit Pistons,DET,Oklahoma City Thunder,OKC
0022500858,2026-02-27,1610612765,1610612739,1,W,0.5185888508285417,W,1,Detroit Pistons,DET,Cleveland Cavaliers,CLE
0022500875,2026-03-01,1610612765,1610612753,0,W,0.48840758590272465,L,0,Detroit Pistons,DET,Orlando Magic,ORL
0022500884,2026-03-03,1610612765,1610612739,0,L,0.5492207291315391,W,0,Detroit Pistons,DET,Cleveland Cavaliers,CLE
0022500904,2026-03-05,1610612765,1610612759,0,L,0.3725721493027098,L,1,Detroit Pistons,DET,San Antonio Spurs,SAS
0022500916,2026-03-07,1610612765,1610612751,1,L,0.8507000500876266,W,0,Detroit Pistons,DET,Brooklyn Nets,BKN
0022500923,2026-03-08,1610612765,1610612748,0,L,0.3614625853049171,L,1,Detroit Pistons,DET,Miami Heat,MIA
0022500937,2026-03-10,1610612765,1610612751,0,W,0.6667324472343156,W,1,Detroit Pistons,DET,Brooklyn Nets,BKN
0022500953,2026-03-12,1610612765,1610612755,1,W,0.6164344476147422,W,1,Detroit Pistons,DET,Philadelphia 76ers,PHI
0022500961,2026-03-13,1610612765,1610612763,1,W,0.7589412160409666,W,1,Detroit Pistons,DET,Memphis Grizzlies,MEM
0022500978,2026-03-15,1610612765,1610612761,0,L,0.5638889464281746,W,0,Detroit Pistons,DET,Toronto Raptors,TOR
0022500993,2026-03-17,1610612765,1610612764,0,W,0.8054148136545254,W,1,Detroit Pistons,DET,Washington Wizards,WAS
0022501009,2026-03-19,1610612765,1610612764,0,W,0.762772374366807,W,1,Detroit Pistons,DET,Washington Wizards,WAS
0022501017,2026-03-20,1610612765,1610612744,1,W,0.7342910014698356,W,1,Detroit Pistons,DET,Golden State Warriors,GSW
0022501038,2026-03-23,1610612765,1610612747,1,W,0.497326672137047,L,0,Detroit Pistons,DET,Los Angeles Lakers,LAL
0022501051,2026-03-25,1610612765,1610612737,1,L,0.507070745458992,W,0,Detroit Pistons,DET,Atlanta Hawks,ATL
0022501064,2026-03-26,1610612765,1610612740,1,W,0.577658345797417,W,1,Detroit Pistons,DET,New Orleans Pelicans,NOP
0022501080,2026-03-28,1610612765,1610612750,0,W,0.5575638898855991,W,1,Detroit Pistons,DET,Minnesota Timberwolves,MIN
0022501097,2026-03-30,1610612765,1610612760,0,L,0.39404741105455326,L,1,Detroit Pistons,DET,Oklahoma City Thunder,OKC
0022501101,2026-03-31,1610612765,1610612761,1,W,0.5672009158547026,W,1,Detroit Pistons,DET,Toronto Raptors,TOR
0022501115,2026-04-02,1610612765,1610612750,1,W,0.5075928291565036,W,1,Detroit Pistons,DET,Minnesota Timberwolves,MIN
0022501131,2026-04-04,1610612765,1610612755,0,W,0.505364798906295,W,1,Detroit Pistons,DET,Philadelphia 76ers,PHI
0022501144,2026-04-06,1610612765,1610612753,0,L,0.766655285141806,W,0,Detroit Pistons,DET,Orlando Magic,ORL
0022501160,2026-04-08,1610612765,1610612749,1,W,0.699269412892967,W,1,Detroit Pistons,DET,Milwaukee Bucks,MIL
0022501171,2026-04-10,1610612765,1610612766,0,W,0.36409440737196924,L,0,Detroit Pistons,DET,Charlotte Hornets,CHA
0022501188,2026-04-12,1610612765,1610612754,0,W,0.6389898943319675,W,1,Detroit Pistons,DET,Indiana Pacers,IND
0022500143,2025-11-01,1610612766,1610612750,1,L,0.5509877648948648,W,0,Charlotte Hornets,CHA,Minnesota Timberwolves,MIN
0022500150,2025-11-02,1610612766,1610612762,1,W,0.47508895133363604,L,0,Charlotte Hornets,CHA,Utah Jazz,UTA
0022500168,2025-11-04,1610612766,1610612740,0,L,0.6729821476616475,W,0,Charlotte Hornets,CHA,New Orleans Pelicans,NOP
0022500033,2025-11-07,1610612766,1610612748,0,L,0.3918730660131662,L,1,Charlotte Hornets,CHA,Miami Heat,MIA
0022500198,2025-11-10,1610612766,1610612747,1,L,0.41072288313879546,L,1,Charlotte Hornets,CHA,Los Angeles Lakers,LAL
0022500213,2025-11-12,1610612766,1610612749,1,W,0.4133865354768293,L,0,Charlotte Hornets,CHA,Milwaukee Bucks,MIL
0022500043,2025-11-14,1610612766,1610612749,0,L,0.39178002501205567,L,1,Charlotte Hornets,CHA,Milwaukee Bucks,MIL
0022500229,2025-11-15,1610612766,1610612760,1,L,0.1927791397417837,L,1,Charlotte Hornets,CHA,Oklahoma City Thunder,OKC
0022500245,2025-11-17,1610612766,1610612761,0,L,0.2094196153330237,L,1,Charlotte Hornets,CHA,Toronto Raptors,TOR
0022500256,2025-11-19,1610612766,1610612754,0,L,0.61899063814897,W,0,Charlotte Hornets,CHA,Indiana Pacers,IND
0022500268,2025-11-22,1610612766,1610612746,1,L,0.6316380423457734,W,0,Charlotte Hornets,CHA,Los Angeles Clippers,LAC
0022500276,2025-11-23,1610612766,1610612737,0,L,0.2770507757898388,L,1,Charlotte Hornets,CHA,Atlanta Hawks,ATL
0022500061,2025-11-26,1610612766,1610612752,1,L,0.339130733014004,L,1,Charlotte Hornets,CHA,New York Knicks,NYK
0022500071,2025-11-28,1610612766,1610612741,1,W,0.4612127024756189,L,0,Charlotte Hornets,CHA,Chicago Bulls,CHI
0022500294,2025-11-29,1610612766,1610612761,1,W,0.21776631186177983,L,0,Charlotte Hornets,CHA,Toronto Raptors,TOR
0022500312,2025-12-01,1610612766,1610612751,0,L,0.5025780681870913,W,0,Charlotte Hornets,CHA,Brooklyn Nets,BKN
0022500328,2025-12-03,1610612766,1610612752,0,L,0.23997462330754288,L,1,Charlotte Hornets,CHA,New York Knicks,NYK
0022500344,2025-12-05,1610612766,1610612761,0,W,0.3379286681948767,L,0,Charlotte Hornets,CHA,Toronto Raptors,TOR
0022500359,2025-12-07,1610612766,1610612743,1,L,0.48108722141539145,L,1,Charlotte Hornets,CHA,Denver Nuggets,DEN
0022501209,2025-12-12,1610612766,1610612741,1,L,0.6770122685313484,W,0,Charlotte Hornets,CHA,Chicago Bulls,CHI
0022501218,2025-12-14,1610612766,1610612739,0,W,0.3438835336433865,L,0,Charlotte Hornets,CHA,Cleveland Cavaliers,CLE
0022500371,2025-12-18,1610612766,1610612737,1,W,0.5998453248472011,W,1,Charlotte Hornets,CHA,Atlanta Hawks,ATL
0022500390,2025-12-20,1610612766,1610612765,0,L,0.36835962205569167,L,1,Charlotte Hornets,CHA,Detroit Pistons,DET
0022500402,2025-12-22,1610612766,1610612739,0,L,0.5246816496186364,W,0,Charlotte Hornets,CHA,Cleveland Cavaliers,CLE
0022500409,2025-12-23,1610612766,1610612764,1,W,0.4733011308795286,L,0,Charlotte Hornets,CHA,Washington Wizards,WAS
0022500424,2025-12-26,1610612766,1610612753,0,W,0.4258700273353192,L,0,Charlotte Hornets,CHA,Orlando Magic,ORL
0022500447,2025-12-29,1610612766,1610612749,1,L,0.5875351056257117,W,0,Charlotte Hornets,CHA,Milwaukee Bucks,MIL
0022500462,2025-12-31,1610612766,1610612744,1,L,0.4866707527044049,L,1,Charlotte Hornets,CHA,Golden State Warriors,GSW
0022500481,2026-01-02,1610612766,1610612749,0,L,0.45572434124240996,L,1,Charlotte Hornets,CHA,Milwaukee Bucks,MIL
0022500489,2026-01-03,1610612766,1610612741,0,W,0.3407766739783879,L,0,Charlotte Hornets,CHA,Chicago Bulls,CHI
0022500506,2026-01-05,1610612766,1610612760,0,W,0.36376710714614335,L,0,Charlotte Hornets,CHA,Oklahoma City Thunder,OKC
0022500516,2026-01-07,1610612766,1610612761,1,L,0.46312621555608746,L,1,Charlotte Hornets,CHA,Toronto Raptors,TOR
0022500528,2026-01-08,1610612766,1610612754,1,L,0.7353299945561581,W,0,Charlotte Hornets,CHA,Indiana Pacers,IND
0022500547,2026-01-10,1610612766,1610612762,0,W,0.6280603942057841,W,1,Charlotte Hornets,CHA,Utah Jazz,UTA
0022500563,2026-01-12,1610612766,1610612746,0,L,0.5044119521644269,W,0,Charlotte Hornets,CHA,Los Angeles Clippers,LAC
0022500586,2026-01-15,1610612766,1610612747,0,W,0.5258761678650058,W,1,Charlotte Hornets,CHA,Los Angeles Lakers,LAL
0022500599,2026-01-17,1610612766,1610612744,0,L,0.35153015576024726,L,1,Charlotte Hornets,CHA,Golden State Warriors,GSW
0022500605,2026-01-18,1610612766,1610612743,0,W,0.38950369282409414,L,0,Charlotte Hornets,CHA,Denver Nuggets,DEN
0022500620,2026-01-21,1610612766,1610612739,1,L,0.6959783763137559,W,0,Charlotte Hornets,CHA,Cleveland Cavaliers,CLE
0022500627,2026-01-22,1610612766,1610612753,0,W,0.4783224853807875,L,0,Charlotte Hornets,CHA,Orlando Magic,ORL
0022500645,2026-01-24,1610612766,1610612764,1,W,0.7512440201409462,W,1,Charlotte Hornets,CHA,Washington Wizards,WAS
0022500657,2026-01-26,1610612766,1610612755,1,W,0.5620622292619069,W,1,Charlotte Hornets,CHA,Philadelphia 76ers,PHI
0022500676,2026-01-28,1610612766,1610612763,0,W,0.6537157773737596,W,1,Charlotte Hornets,CHA,Memphis Grizzlies,MEM
0022500683,2026-01-29,1610612766,1610612742,0,W,0.6019445598839779,W,1,Charlotte Hornets,CHA,Dallas Mavericks,DAL
0022500697,2026-01-31,1610612766,1610612759,1,W,0.5544038562824658,W,1,Charlotte Hornets,CHA,San Antonio Spurs,SAS
0022500712,2026-02-02,1610612766,1610612740,1,W,0.6784237477799029,W,1,Charlotte Hornets,CHA,New Orleans Pelicans,NOP
0022500737,2026-02-05,1610612766,1610612745,0,W,0.5398170287086602,W,1,Charlotte Hornets,CHA,Houston Rockets,HOU
0022500751,2026-02-07,1610612766,1610612737,0,W,0.5843339675916657,W,1,Charlotte Hornets,CHA,Atlanta Hawks,ATL
0022500761,2026-02-09,1610612766,1610612765,1,L,0.5395793081190594,W,0,Charlotte Hornets,CHA,Detroit Pistons,DET
0022500775,2026-02-11,1610612766,1610612737,1,W,0.6737880936358439,W,1,Charlotte Hornets,CHA,Atlanta Hawks,ATL
0022500792,2026-02-19,1610612766,1610612745,1,L,0.6329903946744931,W,0,Charlotte Hornets,CHA,Houston Rockets,HOU
0022500802,2026-02-20,1610612766,1610612739,1,L,0.3858966457473816,L,1,Charlotte Hornets,CHA,Cleveland Cavaliers,CLE
0022500822,2026-02-22,1610612766,1610612764,0,W,0.594780685880828,W,1,Charlotte Hornets,CHA,Washington Wizards,WAS
0022500836,2026-02-24,1610612766,1610612741,0,W,0.7277428616485093,W,1,Charlotte Hornets,CHA,Chicago Bulls,CHI
0022500848,2026-02-26,1610612766,1610612754,0,W,0.727801471285072,W,1,Charlotte Hornets,CHA,Indiana Pacers,IND
0022500863,2026-02-28,1610612766,1610612757,1,W,0.6773212693572211,W,1,Charlotte Hornets,CHA,Portland Trail Blazers,POR
0022500883,2026-03-03,1610612766,1610612742,1,W,0.7829938953975937,W,1,Charlotte Hornets,CHA,Dallas Mavericks,DAL
0022500894,2026-03-04,1610612766,1610612738,0,W,0.37495061753327125,L,0,Charlotte Hornets,CHA,Boston Celtics,BOS
0022500909,2026-03-06,1610612766,1610612748,1,L,0.6683956648670333,W,0,Charlotte Hornets,CHA,Miami Heat,MIA
0022500928,2026-03-08,1610612766,1610612756,0,L,0.6310668082868518,W,0,Charlotte Hornets,CHA,Phoenix Suns,PHX
0022500944,2026-03-10,1610612766,1610612757,0,W,0.6229171358196849,W,1,Charlotte Hornets,CHA,Portland Trail Blazers,POR
0022500951,2026-03-11,1610612766,1610612758,0,W,0.6068772829115893,W,1,Charlotte Hornets,CHA,Sacramento Kings,SAC
0022500973,2026-03-14,1610612766,1610612759,0,L,0.42572234954133165,L,1,Charlotte Hornets,CHA,San Antonio Spurs,SAS
0022500991,2026-03-17,1610612766,1610612748,1,W,0.5065752651764411,W,1,Charlotte Hornets,CHA,Miami Heat,MIA
0022501008,2026-03-19,1610612766,1610612753,1,W,0.5864715745115393,W,1,Charlotte Hornets,CHA,Orlando Magic,ORL
0022501023,2026-03-21,1610612766,1610612763,1,W,0.79142378110853,W,1,Charlotte Hornets,CHA,Memphis Grizzlies,MEM
0022501047,2026-03-24,1610612766,1610612758,1,W,0.6933157789942234,W,1,Charlotte Hornets,CHA,Sacramento Kings,SAC
0022501063,2026-03-26,1610612766,1610612752,1,W,0.5039201292927774,W,1,Charlotte Hornets,CHA,New York Knicks,NYK
0022501077,2026-03-28,1610612766,1610612755,1,L,0.6914676127008327,W,0,Charlotte Hornets,CHA,Philadelphia 76ers,PHI
0022501085,2026-03-29,1610612766,1610612738,1,L,0.5908522429621781,W,0,Charlotte Hornets,CHA,Boston Celtics,BOS
0022501100,2026-03-31,1610612766,1610612751,0,W,0.7635816971725219,W,1,Charlotte Hornets,CHA,Brooklyn Nets,BKN
0022501114,2026-04-02,1610612766,1610612756,1,W,0.70705021840894,W,1,Charlotte Hornets,CHA,Phoenix Suns,PHX
0022501120,2026-04-03,1610612766,1610612754,1,W,0.7802236018972037,W,1,Charlotte Hornets,CHA,Indiana Pacers,IND
0022501137,2026-04-05,1610612766,1610612750,0,W,0.6428059334674784,W,1,Charlotte Hornets,CHA,Minnesota Timberwolves,MIN
0022501149,2026-04-07,1610612766,1610612738,0,L,0.4174828120344673,L,1,Charlotte Hornets,CHA,Boston Celtics,BOS
0022501171,2026-04-10,1610612766,1610612765,1,L,0.6047421694458185,W,0,Charlotte Hornets,CHA,Detroit Pistons,DET
0022501190,2026-04-12,1610612766,1610612752,0,W,0.360619911690454,L,0,Charlotte Hornets,CHA,New York Knicks,NYK
